{
  "title": "㐃",
  "ns": 0,
  "id": 10077,
  "timestamp": 1527012138000,
  "text": [
    {
      "level": 0,
      "title": "",
      "text": "{{character info/new}}",
      "subSections": [
        {
          "level": 2,
          "title": "Translingual",
          "text": "",
          "subSections": [
            {
              "level": 3,
              "title": "Han character",
              "text": "{{Han char|rn=2|rad=丨|as=02|sn=3|four=|canj=OML|ids=⿱[[ᅀ]][[丨]]}}",
              "subSections": [
                {
                  "level": 4,
                  "title": "References",
                  "text": "* {{Han ref|kx=0079.021|dkj=|dj=|hdz=|uh=3403|ud=13315|bh=|bd=}}"
                }
              ]
            }
          ]
        },
        {
          "level": 2,
          "title": "Korean",
          "text": "",
          "subSections": [
            {
              "level": 3,
              "title": "Hanja",
              "text": "{{ko-hanja/new|망치|마}}\n\n# variant of [[亇]], a [[placename]]\n# [[hammer]]\n\n[[Category:Korean-only CJKV Characters]]"
            }
          ]
        }
      ]
    }
  ]
}