{
  "title": "㐄",
  "ns": 0,
  "id": 10078,
  "timestamp": 1537013742000,
  "text": [
    {
      "level": 0,
      "title": "",
      "text": "{{also|𡕒|ヰ}}\n{{character info/new}}",
      "subSections": [
        {
          "level": 2,
          "title": "Translingual",
          "text": "",
          "subSections": [
            {
              "level": 3,
              "title": "Han character",
              "text": "{{Han char|rn=2|rad=丨|as=02|sn=3|canj=JV,LS|ids=⿻十𠃋(GT),⿻十丄(J)}}",
              "subSections": [
                {
                  "level": 4,
                  "title": "References",
                  "text": "* {{Han ref|kx=0079.020|hdz=10009.060|uh=3404|ud=13316}}"
                }
              ]
            }
          ]
        },
        {
          "level": 2,
          "title": "Chinese",
          "text": "{{zh-see|𡕒|hv|}}"
        },
        {
          "level": 2,
          "title": "Korean",
          "text": "",
          "subSections": [
            {
              "level": 3,
              "title": "Hanja",
              "text": "{{ko-hanja|hangeul=과|rv=gwa|mr=kwa|y=kwa|eumhun=걷다|ehrv=geotda|ehmr=kŏtta|ehy=ketta}}\n\n# {{defn|lang=ko|sort=丨02}}"
            }
          ]
        }
      ]
    }
  ]
}