{
  "title": "㐀",
  "ns": 0,
  "id": 10074,
  "timestamp": 1529815744000,
  "text": [
    {
      "level": 0,
      "title": "",
      "text": "{{character info/new}}",
      "subSections": [
        {
          "level": 2,
          "title": "Translingual",
          "text": "",
          "subSections": [
            {
              "level": 3,
              "title": "Han character",
              "text": "{{Han char|rn=1|rad=一|as=04|sn=5|four=11102|canj=TM|ids=⿱卝一}}",
              "subSections": [
                {
                  "level": 4,
                  "title": "References",
                  "text": "{{Han ref|kx=0078.010|hdz=10015.030|uh=3400}}"
                }
              ]
            }
          ]
        },
        {
          "level": 2,
          "title": "Chinese",
          "text": "{{zh-see|丘|o}}"
        },
        {
          "level": 2,
          "title": "Korean",
          "text": "",
          "subSections": [
            {
              "level": 3,
              "title": "Hanja",
              "text": "{{ko-hanja|hangeul=구|rv=gu|mr=ku|y=kwu|eumhun=언덕|ehrv=eondeok|ehmr=ŏndŏk|ehy=entek}}\n\n# [[slope]]\n# [[hill]]\n# [[grave]]\n# [[tomb]]\n# [[village]]"
            }
          ]
        }
      ]
    }
  ]
}