{
  "title": "㐁",
  "ns": 0,
  "id": 10075,
  "timestamp": 1519144037000,
  "text": [
    {
      "level": 0,
      "title": "",
      "text": "{{character info/new}}",
      "subSections": [
        {
          "level": 2,
          "title": "Translingual",
          "text": "",
          "subSections": [
            {
              "level": 3,
              "title": "Han character",
              "text": "{{Han char|rn=1|rad=一|as=05|sn=6|four=10600|canj=MOW|ids=⿻𠆣囗}}",
              "subSections": [
                {
                  "level": 4,
                  "title": "References",
                  "text": "{{Han ref|kx=0078.030|hdz=10019.020|uh=3401}}"
                }
              ]
            }
          ]
        },
        {
          "level": 2,
          "title": "Chinese",
          "text": "{{zh-forms|alt=𠀬}}",
          "subSections": [
            {
              "level": 3,
              "title": "Glyph origin",
              "text": "{{Han etym}}"
            },
            {
              "level": 3,
              "title": "Etymology 1",
              "text": "",
              "subSections": [
                {
                  "level": 4,
                  "title": "Pronunciation",
                  "text": "{{zh-pron\n|m=tiàn\n|c=tim2\n|h=pfs=\n|md=\n|mn=\n|w=\n|mc=y\n|cat=v,n,a\n}}\n{{attention|yue|pronunciation doesn't seem right}}"
                },
                {
                  "level": 4,
                  "title": "Definitions",
                  "text": "{{zh-hanzi}}\n\n# {{zh-hist-ghost}} to [[lick]]\n# {{zh-hist-ghost}} [[woven]] [[mat]]\n# {{zh-hist-ghost}} [[green]] [[bamboo]] [[sheath]]\n# {{zh-hist-ghost}} [[unilluminated]]"
                }
              ]
            },
            {
              "level": 3,
              "title": "Etymology 2",
              "text": "{{zh-see|西|o}}"
            }
          ]
        },
        {
          "level": 2,
          "title": "Japanese",
          "text": "",
          "subSections": [
            {
              "level": 3,
              "title": "Kanji",
              "text": "{{ja-kanji|grade=|rs=一05}}",
              "subSections": [
                {
                  "level": 4,
                  "title": "Readings",
                  "text": "{{ja-readings\n|goon=てん\n|kanon=てん\n}}"
                }
              ]
            }
          ]
        },
        {
          "level": 2,
          "title": "Korean",
          "text": "",
          "subSections": [
            {
              "level": 3,
              "title": "Hanja",
              "text": "{{ko-hanja|hangeul=첨|rv=cheom|mr=ch'ŏm|y=chem|eumhun=핥다|ehrv=halda|ehmr=halta|ehy=halthta}}\n\n# {{defn|lang=ko|sort=一05}}"
            }
          ]
        }
      ]
    }
  ]
}