{
  "title": "㐇",
  "ns": 0,
  "id": 10082,
  "timestamp": 1503031378000,
  "text": [
    {
      "level": 0,
      "title": "",
      "text": "{{character info/new}}",
      "subSections": [
        {
          "level": 2,
          "title": "Translingual",
          "text": "",
          "subSections": [
            {
              "level": 3,
              "title": "Han character",
              "text": "{{Han char|rn=5|rad=乙|as=02|sn=3|canj=KNN|ids=⿱九乙}}",
              "subSections": [
                {
                  "level": 4,
                  "title": "References",
                  "text": "* {{Han ref|kx=0084.051|uh=3407|ud=13319}}"
                }
              ]
            }
          ]
        },
        {
          "level": 2,
          "title": "Korean",
          "text": "",
          "subSections": [
            {
              "level": 3,
              "title": "Hanja",
              "text": "{{ko-hanja|hangeul=굴|rv=gul|mr=kul|y=kwul}}\n\n# a [[personal]] [[name]]\n# [[name]] of [[dried]] [[fish]]\n\n[[Category:Korean-only CJKV Characters]]"
            }
          ]
        }
      ]
    }
  ]
}