{
  "title": "㐉",
  "ns": 0,
  "id": 10084,
  "timestamp": 1503031515000,
  "text": [
    {
      "level": 0,
      "title": "",
      "text": "{{character info/new}}",
      "subSections": [
        {
          "level": 2,
          "title": "Translingual",
          "text": "",
          "subSections": [
            {
              "level": 3,
              "title": "Han character",
              "text": "{{Han char|rn=5|rad=乙|as=02|sn=3|four=10717|canj=MNN|ids=⿱丁乙}}",
              "subSections": [
                {
                  "level": 4,
                  "title": "References",
                  "text": "* {{Han ref|kx=0084.051|dkj=|dj=|hdz=|uh=3409|ud=13321|bh=|bd=}}"
                }
              ]
            }
          ]
        },
        {
          "level": 2,
          "title": "Korean",
          "text": "",
          "subSections": [
            {
              "level": 3,
              "title": "Hanja",
              "text": "{{ko-hanja|hangeul=절|rv=jeol|mr=chŏl|y=cel}}\n\n# {{defn|lang=ko|sort=乙02}}\n\n[[Category:Korean-only CJKV Characters]]"
            }
          ]
        }
      ]
    }
  ]
}