{
  "title": "㐊",
  "ns": 0,
  "id": 10086,
  "timestamp": 1527559729000,
  "text": [
    {
      "level": 0,
      "title": "",
      "text": "{{also|㐋}}\n{{character info/new}}",
      "subSections": [
        {
          "level": 2,
          "title": "Translingual",
          "text": "",
          "subSections": [
            {
              "level": 3,
              "title": "Han character",
              "text": "{{Han char|rn=5|rad=乙|as=03|sn=4|four=40717|canj=GN|ids=⿱士乙}}",
              "subSections": [
                {
                  "level": 4,
                  "title": "Derived characters",
                  "text": "* {{l|mul|[[𥑄]]}}"
                },
                {
                  "level": 4,
                  "title": "References",
                  "text": "{{Han ref|kx=0084.071|uh=340A}}"
                }
              ]
            }
          ]
        },
        {
          "level": 2,
          "title": "Korean",
          "text": "",
          "subSections": [
            {
              "level": 3,
              "title": "Hanja",
              "text": "{{ko-hanja|hangeul=살|rv=[[sal]]|mr=[[sal]]|y=[[sal]]}}\n\n# {{defn|lang=ko|sort=乙03}}"
            }
          ]
        }
      ]
    }
  ]
}