{
  "title": "㐌",
  "ns": 0,
  "id": 10088,
  "timestamp": 1508768138000,
  "text": [
    {
      "level": 0,
      "title": "",
      "text": "{{character info/new}}",
      "subSections": [
        {
          "level": 2,
          "title": "Translingual",
          "text": "",
          "subSections": [
            {
              "level": 3,
              "title": "Han character",
              "text": "{{Han char|rn=5|rad=乙|as=04|sn=5|four=80712|canj=OPD|ids=⿱𠂉也}}",
              "subSections": [
                {
                  "level": 4,
                  "title": "References",
                  "text": "* {{Han ref|kx=0084.080|dkj=00177|hdz=10036.020|uh=340C|ud=13324}}"
                }
              ]
            }
          ]
        },
        {
          "level": 2,
          "title": "Chinese",
          "text": "{{zh-forms}}",
          "subSections": [
            {
              "level": 3,
              "title": "Pronunciation",
              "text": "{{zh-pron\n|m=yí\n|c=ji4\n|mc=\n|oc=\n|ma=\n|cat=pn\n}}"
            },
            {
              "level": 3,
              "title": "Definitions",
              "text": "{{zh-hanzi}}\n\n# a [[tribe]] of [[indigenous]] [[people]] in [[south|South]] [[China]]"
            }
          ]
        },
        {
          "level": 2,
          "title": "Japanese",
          "text": "",
          "subSections": [
            {
              "level": 3,
              "title": "Kanji",
              "text": "{{ja-kanji|grade=|rs=乙04}}\n\n# a [[tribe]] of [[indigenous]] [[people]] in [[south|South]] [[China]]",
              "subSections": [
                {
                  "level": 4,
                  "title": "Readings",
                  "text": "{{ja-readings\n|goon=い\n|kanon=い\n}}"
                }
              ]
            }
          ]
        },
        {
          "level": 2,
          "title": "Korean",
          "text": "",
          "subSections": [
            {
              "level": 3,
              "title": "Hanja",
              "text": "{{ko-hanja|hangeul=이|rv=i|mr=i|y=i}}\n\n# {{defn|lang=ko|sort=乙04}}"
            }
          ]
        },
        {
          "level": 2,
          "title": "Vietnamese",
          "text": "",
          "subSections": [
            {
              "level": 3,
              "title": "Han character",
              "text": "{{vi-hantu|[[đã]]|rs=乙04}}\n\n# [[already]], past marker"
            }
          ]
        }
      ]
    }
  ]
}