{
  "title": "㐋",
  "ns": 0,
  "id": 10087,
  "timestamp": 1527559700000,
  "text": [
    {
      "level": 0,
      "title": "",
      "text": "{{also|㐊}}\n{{character info/new}}",
      "subSections": [
        {
          "level": 2,
          "title": "Translingual",
          "text": "",
          "subSections": [
            {
              "level": 3,
              "title": "Han character",
              "text": "{{Han char|rn=5|rad=乙|as=03|sn=4|four=|canj=GN|ids=⿱土乙}}",
              "subSections": [
                {
                  "level": 4,
                  "title": "Derived characters",
                  "text": "* {{l|mul|[[𩿆]]}}"
                },
                {
                  "level": 4,
                  "title": "References",
                  "text": "{{Han ref|kx=0084.071|uh=340B}}"
                }
              ]
            }
          ]
        },
        {
          "level": 2,
          "title": "Korean",
          "text": "",
          "subSections": [
            {
              "level": 3,
              "title": "Hanja",
              "text": "{{ko-hanja|hangeul=톨|rv=[[tol]]|mr=[[t'ol]]|y=[[thol]]}}\n\n# {{defn|lang=ko|sort=乙03}}"
            }
          ]
        }
      ]
    }
  ]
}