{
  "title": "㐅",
  "ns": 0,
  "id": 10080,
  "timestamp": 1535831879000,
  "text": [
    {
      "level": 0,
      "title": "",
      "text": "{{also|五|メ|ㄨ|乂}}\n{{character info/new}}",
      "subSections": [
        {
          "level": 2,
          "title": "Translingual",
          "text": "",
          "subSections": [
            {
              "level": 3,
              "title": "Han character",
              "text": "{{Han char|rn=4|rad=丿|as=01|sn=2|four=40000|canj=K|ids=⿻丿乀}}",
              "subSections": [
                {
                  "level": 4,
                  "title": "Derived characters",
                  "text": "* {{l|mul|[[䖊]], [[爻]], [[𬼆]], [[𪠣]], [[𡴷]], [[𤕜]], [[𠫤]], [[杀]], [[𣏂]], [[风]], [[龱]]}}"
                },
                {
                  "level": 4,
                  "title": "Related characters",
                  "text": "* {{l|mul|[[五]]}} ''(Modern form)''"
                },
                {
                  "level": 4,
                  "title": "Descendants",
                  "text": "* {{l|mul|ㄨ}} ''({{w|Bopomofo|Zhuyin alphabet}})''"
                },
                {
                  "level": 4,
                  "title": "References",
                  "text": "{{Han ref|kx=0081.180|dkj=00115|hdz=10031.040|uh=3405}}"
                }
              ]
            }
          ]
        },
        {
          "level": 2,
          "title": "Chinese",
          "text": "",
          "subSections": [
            {
              "level": 3,
              "title": "Glyph origin",
              "text": "Found in the {{w|Shuowen Jiezi}} 《{{w2|zh|說文解字}}》 etymological dictionary."
            },
            {
              "level": 3,
              "title": "Definitions",
              "text": "{{zh-see|五|a}}"
            },
            {
              "level": 3,
              "title": "References",
              "text": "* {{R:twedu|A00054-001}}"
            }
          ]
        },
        {
          "level": 2,
          "title": "Korean",
          "text": "",
          "subSections": [
            {
              "level": 3,
              "title": "Hanja",
              "text": "{{ko-hanja|hangeul=오|rv=o|mr=o|y=o|eumhun=다섯|ehrv=daseot|ehmr=tasŏt|ehy=tases}}\n\n# {{defn|lang=ko|sort=丿01}}"
            }
          ]
        }
      ]
    }
  ]
}