{
  "title": "㐆",
  "ns": 0,
  "id": 10081,
  "timestamp": 1519150025000,
  "text": [
    {
      "level": 0,
      "title": "",
      "text": "{{character info/new}}",
      "subSections": [
        {
          "level": 2,
          "title": "Translingual",
          "text": "",
          "subSections": [
            {
              "level": 3,
              "title": "Han character",
              "text": "{{Han char|rn=4|rad=丿|as=05|sn=6|four=|canj=HSMS}}",
              "subSections": [
                {
                  "level": 4,
                  "title": "References",
                  "text": "{{Han ref|kx=0083.011|hdz=10038.080|uh=3406}}"
                }
              ]
            }
          ]
        },
        {
          "level": 2,
          "title": "Chinese",
          "text": "{{zh-forms}}",
          "subSections": [
            {
              "level": 3,
              "title": "Glyph origin",
              "text": "Reverse of {{zh-l|*身}}."
            },
            {
              "level": 3,
              "title": "Pronunciation 1",
              "text": "{{zh-pron\n|m=yǐn\n|c=zaan2\n|mc=2\n|oc=\n|ma=\n|cat=v\n}}",
              "subSections": [
                {
                  "level": 4,
                  "title": "Definitions",
                  "text": "{{zh-hanzi}} ({{zh-hg}})\n\n# to [[turn]] one's [[body]]; to turn [[around]]\n# to [[return]]; to [[submit]] to\n# {{zh-alt-form|隱}}"
                }
              ]
            },
            {
              "level": 3,
              "title": "Pronunciation 2",
              "text": "{{zh-see|依|hv}}"
            }
          ]
        },
        {
          "level": 2,
          "title": "Korean",
          "text": "",
          "subSections": [
            {
              "level": 3,
              "title": "Hanja",
              "text": "{{ko-hanja|hangeul=은|rv=eun|mr=ŭn|y=un|eumhun=돌아오다|ehrv=dolaoda|ehmr=tolaoda|ehy=tolaota}}\n\n# {{defn|lang=ko|sort=丿05}}"
            }
          ]
        }
      ]
    }
  ]
}