{
  "title": "㐐",
  "ns": 0,
  "id": 10092,
  "timestamp": 1503032450000,
  "text": [
    {
      "level": 0,
      "title": "",
      "text": "{{character info/new}}",
      "subSections": [
        {
          "level": 2,
          "title": "Translingual",
          "text": "",
          "subSections": [
            {
              "level": 3,
              "title": "Han character",
              "text": "{{Han char|rn=5|rad=乙|as=05|sn=6|four=47717|canj=VEN|ids=⿱奴乙}}",
              "subSections": [
                {
                  "level": 4,
                  "title": "References",
                  "text": "* {{Han ref|kx=0084.141|dkj=|dj=|hdz=|uh=3410|ud=13328|bh=|bd=}}"
                }
              ]
            }
          ]
        },
        {
          "level": 2,
          "title": "Korean",
          "text": "",
          "subSections": [
            {
              "level": 3,
              "title": "Hanja",
              "text": "{{ko-hanja|hangeul=놀|rv=nol|mr=nol|y=nol}}\n\n# {{defn|lang=ko|sort=乙05}}"
            }
          ]
        }
      ]
    }
  ]
}