{
  "title": "㐏",
  "ns": 0,
  "id": 10091,
  "timestamp": 1503032276000,
  "text": [
    {
      "level": 0,
      "title": "",
      "text": "{{character info/new}}",
      "subSections": [
        {
          "level": 2,
          "title": "Translingual",
          "text": "",
          "subSections": [
            {
              "level": 3,
              "title": "Han character",
              "text": "{{Han char|rn=5|rad=乙|as=04|sn=5|four=|canj=MMN|ids=⿱五乙}}",
              "subSections": [
                {
                  "level": 4,
                  "title": "References",
                  "text": "* {{Han ref|kx=0084.101|dkj=|dj=|hdz=|uh=340F|ud=13327|bh=|bd=}}"
                }
              ]
            }
          ]
        },
        {
          "level": 2,
          "title": "Korean",
          "text": "",
          "subSections": [
            {
              "level": 3,
              "title": "Hanja",
              "text": "{{ko-hanja|hangeul=올|rv=ol|mr=ol|y=ol}}\n\n# {{defn|lang=ko|sort=乙04}}"
            }
          ]
        }
      ]
    }
  ]
}