{
  "title": "㐒",
  "ns": 0,
  "id": 10094,
  "timestamp": 1513519261000,
  "text": [
    {
      "level": 0,
      "title": "",
      "text": "{{character info/new}}",
      "subSections": [
        {
          "level": 2,
          "title": "Translingual",
          "text": "",
          "subSections": [
            {
              "level": 3,
              "title": "Han character",
              "text": "{{Han char|rn=5|rad=乙|as=05|sn=6|four=17717|canj=SRN|ids=⿱召乙}}",
              "subSections": [
                {
                  "level": 4,
                  "title": "References",
                  "text": "* {{Han ref|kx=0084.141|dkj=|dj=|hdz=|uh=3412|ud=13330|bh=|bd=}}"
                }
              ]
            }
          ]
        },
        {
          "level": 2,
          "title": "Korean",
          "text": "",
          "subSections": [
            {
              "level": 3,
              "title": "Hanja",
              "text": "{{ko-hanja|hangeul=솔|rv=sol|mr=sol|y=sol}}\n\n# {{defn|lang=ko|sort=乙05}}"
            }
          ]
        }
      ]
    }
  ]
}