{
  "title": "㐎",
  "ns": 0,
  "id": 10090,
  "timestamp": 1503904943000,
  "text": [
    {
      "level": 0,
      "title": "",
      "text": "{{character info/new}}",
      "subSections": [
        {
          "level": 2,
          "title": "Translingual",
          "text": "",
          "subSections": [
            {
              "level": 3,
              "title": "Han character",
              "text": "{{Han char|rn=5|rad=乙|as=04|sn=5|four=|canj=YKN|ids=⿱文乙}}",
              "subSections": [
                {
                  "level": 4,
                  "title": "References",
                  "text": "{{Han ref|kx=0084.101|uh=340E}}"
                }
              ]
            }
          ]
        }
      ]
    }
  ]
}