{
  "title": "㐗",
  "ns": 0,
  "id": 10099,
  "timestamp": 1503032745000,
  "text": [
    {
      "level": 0,
      "title": "",
      "text": "{{character info/new}}",
      "subSections": [
        {
          "level": 2,
          "title": "Translingual",
          "text": "",
          "subSections": [
            {
              "level": 3,
              "title": "Han character",
              "text": "{{Han char|rn=5|rad=乙|as=06|sn=7|four=40717|canj=JPN|ids=⿱老乙}}",
              "subSections": [
                {
                  "level": 4,
                  "title": "References",
                  "text": "* {{Han ref|kx=0084.161|dkj=|dj=|hdz=|uh=3417|ud=13335|bh=|bd=}}"
                }
              ]
            }
          ]
        },
        {
          "level": 2,
          "title": "Korean",
          "text": "",
          "subSections": [
            {
              "level": 3,
              "title": "Hanja",
              "text": "{{ko-hanja|hangeul=놀|rv=nol|mr=nol|y=nol}}\n\n# {{defn|lang=ko|sort=乙06}}"
            }
          ]
        }
      ]
    }
  ]
}