{
  "title": "㐓",
  "ns": 0,
  "id": 10095,
  "timestamp": 1503032516000,
  "text": [
    {
      "level": 0,
      "title": "",
      "text": "{{character info/new}}",
      "subSections": [
        {
          "level": 2,
          "title": "Translingual",
          "text": "",
          "subSections": [
            {
              "level": 3,
              "title": "Han character",
              "text": "{{Han char|rn=5|rad=乙|as=05|sn=6|four=10717|canj=MNRN|ids=⿱可乙}}",
              "subSections": [
                {
                  "level": 4,
                  "title": "References",
                  "text": "* {{Han ref|kx=0084.141|dkj=|dj=|hdz=|uh=3413|ud=13331|bh=|bd=}}"
                }
              ]
            }
          ]
        },
        {
          "level": 2,
          "title": "Korean",
          "text": "",
          "subSections": [
            {
              "level": 3,
              "title": "Hanja",
              "text": "{{ko-hanja|hangeul=갈|rv=gal|mr=kal|y=kal|eumhun=까치|ehrv=kkachi|ehmr=kkach'i|ehy=kkachi}}\n\n# {{defn|lang=ko|sort=乙05}}"
            }
          ]
        }
      ]
    }
  ]
}