{
  "title": "㐕",
  "ns": 0,
  "id": 10097,
  "timestamp": 1503032558000,
  "text": [
    {
      "level": 0,
      "title": "",
      "text": "{{character info/new}}",
      "subSections": [
        {
          "level": 2,
          "title": "Translingual",
          "text": "",
          "subSections": [
            {
              "level": 3,
              "title": "Han character",
              "text": "{{Han char|rn=5|rad=乙|as=05|sn=6|four=50717|canj=LWN|ids=⿱由乙}}",
              "subSections": [
                {
                  "level": 4,
                  "title": "References",
                  "text": "* {{Han ref|kx=|dkj=|dj=|hdz=|uh=3415|ud=13333|bh=|bd=}}"
                }
              ]
            }
          ]
        },
        {
          "level": 2,
          "title": "Korean",
          "text": "",
          "subSections": [
            {
              "level": 3,
              "title": "Hanja",
              "text": "{{ko-hanja|hangeul=율|rv=yul|mr=yul|y=yul}}\n\n# {{defn|lang=ko|sort=乙05}}"
            }
          ]
        }
      ]
    }
  ]
}