{
  "title": "㐑",
  "ns": 0,
  "id": 10093,
  "timestamp": 1503032473000,
  "text": [
    {
      "level": 0,
      "title": "",
      "text": "{{character info/new}}",
      "subSections": [
        {
          "level": 2,
          "title": "Translingual",
          "text": "",
          "subSections": [
            {
              "level": 3,
              "title": "Han character",
              "text": "{{Han char|rn=5|rad=乙|as=05|sn=6|four=27717|canj=HEYN|ids=⿱冬乙}}",
              "subSections": [
                {
                  "level": 4,
                  "title": "References",
                  "text": "* {{Han ref|kx=0084.141|dkj=|dj=|hdz=|uh=3411|ud=13329|bh=|bd=}}"
                }
              ]
            }
          ]
        },
        {
          "level": 2,
          "title": "Korean",
          "text": "",
          "subSections": [
            {
              "level": 3,
              "title": "Hanja",
              "text": "{{ko-hanja|hangeul=돌|rv=dol|mr=tol|y=tol}}\n\n# {{defn|lang=ko|sort=乙05}}"
            }
          ]
        }
      ]
    }
  ]
}