{
  "title": "㐛",
  "ns": 0,
  "id": 10103,
  "timestamp": 1503033092000,
  "text": [
    {
      "level": 0,
      "title": "",
      "text": "{{character info/new}}",
      "subSections": [
        {
          "level": 2,
          "title": "Translingual",
          "text": "",
          "subSections": [
            {
              "level": 3,
              "title": "Han character",
              "text": "{{Han char|rn=5|rad=乙|as=07|sn=8|four=24717|canj=ORN|ids=⿱佑乙}}",
              "subSections": [
                {
                  "level": 4,
                  "title": "References",
                  "text": "* {{Han ref|kx=0084.201|dkj=|dj=|hdz=|uh=341B|ud=13339|bh=|bd=}}"
                }
              ]
            }
          ]
        },
        {
          "level": 2,
          "title": "Korean",
          "text": "",
          "subSections": [
            {
              "level": 3,
              "title": "Hanja",
              "text": "{{ko-hanja|hangeul=울|rv=ul|mr=ul|y=wul}}\n\n# {{defn|lang=ko|sort=乙07}}"
            }
          ]
        }
      ]
    }
  ]
}