{
  "title": "㐚",
  "ns": 0,
  "id": 10102,
  "timestamp": 1503033072000,
  "text": [
    {
      "level": 0,
      "title": "",
      "text": "{{character info/new}}",
      "subSections": [
        {
          "level": 2,
          "title": "Translingual",
          "text": "",
          "subSections": [
            {
              "level": 3,
              "title": "Han character",
              "text": "{{Han char|rn=5|rad=乙|as=07|sn=8|four=10717|canj=MMRN|ids=⿱吾乙}}",
              "subSections": [
                {
                  "level": 4,
                  "title": "References",
                  "text": "* {{Han ref|kx=0084.201|dkj=|dj=|hdz=|uh=341A|ud=13338|bh=|bd=}}"
                }
              ]
            }
          ]
        },
        {
          "level": 2,
          "title": "Korean",
          "text": "",
          "subSections": [
            {
              "level": 3,
              "title": "Hanja",
              "text": "{{ko-hanja|hangeul=올|rv=ol|mr=ol|y=ol}}\n\n# {{defn|lang=ko|sort=乙07}}"
            }
          ]
        }
      ]
    }
  ]
}