{
  "title": "㐘",
  "ns": 0,
  "id": 10100,
  "timestamp": 1503033000000,
  "text": [
    {
      "level": 0,
      "title": "",
      "text": "{{character info/new}}",
      "subSections": [
        {
          "level": 2,
          "title": "Translingual",
          "text": "",
          "subSections": [
            {
              "level": 3,
              "title": "Han character",
              "text": "{{Han char|rn=5|rad=乙|as=06|sn=7|four=90717|canj=FDN|ids=⿱米乙}}",
              "subSections": [
                {
                  "level": 4,
                  "title": "References",
                  "text": "* {{Han ref|kx=0084.161|dkj=|dj=|hdz=|uh=3418|ud=13336|bh=|bd=}}"
                }
              ]
            }
          ]
        },
        {
          "level": 2,
          "title": "Korean",
          "text": "",
          "subSections": [
            {
              "level": 3,
              "title": "Hanja",
              "text": "{{ko-hanja|hangeul=쌀|rv=ssal|mr=ssal|y=ssal}}\n\n# [[rice]]\n\n[[Category:Korean-only CJKV Characters]]"
            }
          ]
        }
      ]
    }
  ]
}