{
  "title": "㐡",
  "ns": 0,
  "id": 10109,
  "timestamp": 1508683165000,
  "text": [
    {
      "level": 0,
      "title": "",
      "text": "{{character info/new}}",
      "subSections": [
        {
          "level": 2,
          "title": "Translingual",
          "text": "",
          "subSections": [
            {
              "level": 3,
              "title": "Han character",
              "text": "{{Han char|rn=5|rad=乙|as=10|sn=11|four=|canj=KNMBK|ids=⿺九耎}}",
              "subSections": [
                {
                  "level": 4,
                  "title": "References",
                  "text": "* {{Han ref|kx=0084.310|dkj=00208|hdz=42813.010|uh=3421|ud=13345}}"
                }
              ]
            }
          ]
        },
        {
          "level": 2,
          "title": "Chinese",
          "text": "{{zh-see|懦|v}}"
        },
        {
          "level": 2,
          "title": "Korean",
          "text": "",
          "subSections": [
            {
              "level": 3,
              "title": "Hanja",
              "text": "{{ko-hanja|hangeul=유|rv=yu|mr=yu|y=yu|eumhun=나약하다|ehrv=nayakhada|ehmr=nayakhada|ehy=nayakhata}}\n\n# {{defn|lang=ko|sort=乙10}}"
            }
          ]
        }
      ]
    }
  ]
}