{
  "title": "㐟",
  "ns": 0,
  "id": 10107,
  "timestamp": 1503033186000,
  "text": [
    {
      "level": 0,
      "title": "",
      "text": "{{character info/new}}",
      "subSections": [
        {
          "level": 2,
          "title": "Translingual",
          "text": "",
          "subSections": [
            {
              "level": 3,
              "title": "Han character",
              "text": "{{Han char|rn=5|rad=乙|as=08|sn=9|four=11717|canj=LYN|ids=⿱非乙}}",
              "subSections": [
                {
                  "level": 4,
                  "title": "References",
                  "text": "* {{Han ref|kx=0084.241|dkj=|dj=|hdz=|uh=341F|ud=13343|bh=|bd=}}"
                }
              ]
            }
          ]
        },
        {
          "level": 2,
          "title": "Korean",
          "text": "",
          "subSections": [
            {
              "level": 3,
              "title": "Hanja",
              "text": "{{ko-hanja|hangeul=길|rv=gil|mr=kil|y=kil}}\n\n# {{defn|lang=ko|sort=乙08}}"
            }
          ]
        }
      ]
    }
  ]
}