{
  "title": "㐜",
  "ns": 0,
  "id": 10104,
  "timestamp": 1508684907000,
  "text": [
    {
      "level": 0,
      "title": "",
      "text": "{{character info/new}}",
      "subSections": [
        {
          "level": 2,
          "title": "Translingual",
          "text": "",
          "subSections": [
            {
              "level": 3,
              "title": "Han character",
              "text": "{{Han char|rn=5|rad=乙|as=08|sn=9|four=44910|canj=IEKN|ids=⿰求九}}",
              "subSections": [
                {
                  "level": 4,
                  "title": "References",
                  "text": "{{Han ref|kx=0084.220|dkj=00195|hdz=10056.020|uh=341C}}"
                }
              ]
            }
          ]
        },
        {
          "level": 2,
          "title": "Chinese",
          "text": "{{zh-see|仇|v}}"
        },
        {
          "level": 2,
          "title": "Japanese",
          "text": "",
          "subSections": [
            {
              "level": 3,
              "title": "Kanji",
              "text": "{{ja-kanji|grade=|rs=乙08}}\n\n# [[chaste]]\n# {{alternative form of|仇|lang=ja}}\n<!-- # {{surname}} -->",
              "subSections": [
                {
                  "level": 4,
                  "title": "Readings",
                  "text": "{{ja-readings\n|goon=ぐ\n|kanon=きゅう<きう\n|kun=あだ-, かたき-\n}}"
                }
              ]
            }
          ]
        },
        {
          "level": 2,
          "title": "Korean",
          "text": "",
          "subSections": [
            {
              "level": 3,
              "title": "Hanja",
              "text": "{{ko-hanja|hangeul=구|rv=gu|mr=ku|y=kwu|eumhun=원수|ehrv=wonsu|ehmr=wŏnsu|ehy=wenswu}}\n\n# {{defn|lang=ko|sort=乙08}}"
            }
          ]
        }
      ]
    }
  ]
}