{
  "title": "㐝",
  "ns": 0,
  "id": 10105,
  "timestamp": 1503033158000,
  "text": [
    {
      "level": 0,
      "title": "",
      "text": "{{character info/new}}",
      "subSections": [
        {
          "level": 2,
          "title": "Translingual",
          "text": "",
          "subSections": [
            {
              "level": 3,
              "title": "Han character",
              "text": "{{Han char|rn=5|rad=乙|as=08|sn=9|four=57717|canj=QRN|ids=⿱拘乙}}",
              "subSections": [
                {
                  "level": 4,
                  "title": "References",
                  "text": "* {{Han ref|kx=0084.241|dkj=|dj=|hdz=|uh=341D|ud=13341|bh=|bd=}}"
                }
              ]
            }
          ]
        },
        {
          "level": 2,
          "title": "Korean",
          "text": "",
          "subSections": [
            {
              "level": 3,
              "title": "Hanja",
              "text": "{{ko-hanja|hangeul=굴|rv=gul|mr=kul|y=kwul}}\n\n# {{defn|lang=ko|sort=乙08}}"
            }
          ]
        }
      ]
    }
  ]
}