{
  "title": "㐠",
  "ns": 0,
  "id": 10108,
  "timestamp": 1503033202000,
  "text": [
    {
      "level": 0,
      "title": "",
      "text": "{{character info/new}}",
      "subSections": [
        {
          "level": 2,
          "title": "Translingual",
          "text": "",
          "subSections": [
            {
              "level": 3,
              "title": "Han character",
              "text": "{{Han char|rn=5|rad=乙|as=08|sn=9|four=22717|canj=BUN|ids=⿱乳乙}}",
              "subSections": [
                {
                  "level": 4,
                  "title": "References",
                  "text": "* {{Han ref|kx=0084.241|dkj=|dj=|hdz=|uh=3420|ud=13344|bh=|bd=}}"
                }
              ]
            }
          ]
        },
        {
          "level": 2,
          "title": "Korean",
          "text": "",
          "subSections": [
            {
              "level": 3,
              "title": "Hanja",
              "text": "{{ko-hanja|hangeul=율|rv=yul|mr=yul|y=yul}}\n\n# {{defn|lang=ko|sort=乙08}}"
            }
          ]
        }
      ]
    }
  ]
}