{
  "title": "㐧",
  "ns": 0,
  "id": 10115,
  "timestamp": 1536116831000,
  "text": [
    {
      "level": 0,
      "title": "",
      "text": "{{also|第|矛|才}}\n{{character info/new}}",
      "subSections": [
        {
          "level": 2,
          "title": "Translingual",
          "text": "",
          "subSections": [
            {
              "level": 3,
              "title": "Han character",
              "text": "{{Han char|rn=6|rad=亅|as=03|sn=4|four=34202|canj=INNH|ids=⿻⿹⿻乛亅丿丶}}",
              "subSections": [
                {
                  "level": 4,
                  "title": "Related characters",
                  "text": "* {{l|mul|[[第]]}} ''(Orthodox form of ''<big>㐧</big>) <!-- Not related with 矛 and 才 -->"
                },
                {
                  "level": 4,
                  "title": "References",
                  "text": "{{Han ref|kx=0085.191|uh=3427}}\n<!-- Note: This character is not found in any printed Chinese dictionaries. -->"
                }
              ]
            }
          ]
        },
        {
          "level": 2,
          "title": "Japanese",
          "text": "",
          "subSections": [
            {
              "level": 3,
              "title": "Kanji",
              "text": "{{ja-kanji|grade=uc|rs=亅03}}\n\n# {{alt-form|lang=ja|第}}.",
              "subSections": [
                {
                  "level": 4,
                  "title": "Readings",
                  "text": "{{ja-readings\n|goon=だい\n|kanon=てい\n|kun=つい-で, やしき-, ただ\n}}"
                },
                {
                  "level": 4,
                  "title": "Usage notes",
                  "text": "This character is a {{w|ryakuji}} ({{l|ja|略字}})."
                }
              ]
            }
          ]
        },
        {
          "level": 2,
          "title": "Korean",
          "text": "",
          "subSections": [
            {
              "level": 3,
              "title": "Hanja",
              "text": "{{ko-hanja/new|차례|제}}\n\n# {{defn|lang=ko|sort=亅03}}"
            },
            {
              "level": 3,
              "title": "References",
              "text": "* [https://hanja.dict.naver.com/hanja?q=%E3%90%A7 Naver Hanja Dictionary]"
            }
          ]
        }
      ]
    }
  ]
}