{
  "title": "㐫",
  "ns": 0,
  "id": 10119,
  "timestamp": 1535037030000,
  "text": [
    {
      "level": 0,
      "title": "",
      "text": "{{also|㓙}}\n{{character info/new}}",
      "subSections": [
        {
          "level": 2,
          "title": "Translingual",
          "text": "",
          "subSections": [
            {
              "level": 3,
              "title": "Han character",
              "text": "{{Han char|rn=8|rad=亠|as=04|sn=6|four=00772|canj=YUK|ids=⿱亠凶}}",
              "subSections": [
                {
                  "level": 4,
                  "title": "References",
                  "text": "* {{Han ref|kx=0088.111|hdz=10283.020|uh=342B|ud=13355}}"
                }
              ]
            }
          ]
        },
        {
          "level": 2,
          "title": "Chinese",
          "text": "{{Han etym}}",
          "subSections": [
            {
              "level": 3,
              "title": "Etymology 1",
              "text": "{{zh-see|凶|v}}"
            },
            {
              "level": 3,
              "title": "Etymology 2",
              "text": "{{zh-see|腦|ss}}"
            },
            {
              "level": 3,
              "title": "Etymology 3",
              "text": "{{zh-see|瑙|ss}}"
            },
            {
              "level": 3,
              "title": "Etymology 4",
              "text": "{{zh-see|碯|ss}}"
            },
            {
              "level": 3,
              "title": "Etymology 5",
              "text": "{{zh-see|堖|ss}}"
            }
          ]
        },
        {
          "level": 2,
          "title": "Japanese",
          "text": "",
          "subSections": [
            {
              "level": 3,
              "title": "Kanji",
              "text": "{{ja-kanji|grade=|rs=亠04}}\n\n# {{alternative form of|凶|lang=ja}}",
              "subSections": [
                {
                  "level": 4,
                  "title": "Readings",
                  "text": "{{ja-readings\n|on=[[きょう]] (kyō), [[く]] (ku)\n|kun=[[わるい]] (warui)\n}}"
                }
              ]
            },
            {
              "level": 3,
              "title": "References",
              "text": "* {{R:Koseki Moji|021510}}"
            }
          ]
        },
        {
          "level": 2,
          "title": "Korean",
          "text": "",
          "subSections": [
            {
              "level": 3,
              "title": "Hanja",
              "text": "{{ko-hanja|hangeul=흉|rv=hyung|mr=hyung|y=hyung|eumhun=흉하다|ehrv=hyunghada|ehmr=hyunghada|ehy=hyunghata}}\n\n# {{alternative form of|凶|lang=ko}}"
            }
          ]
        }
      ]
    }
  ]
}