{
  "title": "㐤",
  "ns": 0,
  "id": 10112,
  "timestamp": 1508682942000,
  "text": [
    {
      "level": 0,
      "title": "",
      "text": "{{character info/new}}",
      "subSections": [
        {
          "level": 2,
          "title": "Translingual",
          "text": "",
          "subSections": [
            {
              "level": 3,
              "title": "Han character",
              "text": "{{Han char|rn=5|rad=乙|as=11|sn=12|four=|canj=KNJBC|ids=⿺九真}}",
              "subSections": [
                {
                  "level": 4,
                  "title": "References",
                  "text": "* {{Han ref|kx=0084.321|dkj=00211|hdz=10263.070|uh=3424|ud=13348}}"
                }
              ]
            }
          ]
        },
        {
          "level": 2,
          "title": "Chinese",
          "text": "",
          "subSections": [
            {
              "level": 3,
              "title": "Etymology 1",
              "text": "{{zh-see|丹|v}}"
            },
            {
              "level": 3,
              "title": "Etymology 2",
              "text": "{{zh-see|求|v}}"
            }
          ]
        },
        {
          "level": 2,
          "title": "Korean",
          "text": "",
          "subSections": [
            {
              "level": 3,
              "title": "Hanja",
              "text": "{{ko-hanja|hangeul=구|rv=gu|mr=ku|y=kwu}}\n\n# {{defn|lang=ko|sort=乙11}}"
            }
          ]
        }
      ]
    }
  ]
}