{
  "title": "㐦",
  "ns": 0,
  "id": 10114,
  "timestamp": 1503033759000,
  "text": [
    {
      "level": 0,
      "title": "",
      "text": "{{character info/new}}",
      "subSections": [
        {
          "level": 2,
          "title": "Translingual",
          "text": "",
          "subSections": [
            {
              "level": 3,
              "title": "Han character",
              "text": "{{Han char|rn=5|rad=乙|as=18|sn=19|four=|canj=HQN|ids=⿱舉乙}}",
              "subSections": [
                {
                  "level": 4,
                  "title": "References",
                  "text": "* {{Han ref|kx=0085.071|dkj=|dj=|hdz=|uh=3426|ud=13350|bh=|bd=}}"
                }
              ]
            }
          ]
        },
        {
          "level": 2,
          "title": "Korean",
          "text": "",
          "subSections": [
            {
              "level": 3,
              "title": "Hanja",
              "text": "{{ko-hanja|hangeul=걸|rv=geol|mr=kŏl|y=kel}}\n\n# {{defn|lang=ko|sort=乙18}}"
            }
          ]
        }
      ]
    }
  ]
}