{
  "title": "㐥",
  "ns": 0,
  "id": 10113,
  "timestamp": 1503033707000,
  "text": [
    {
      "level": 0,
      "title": "",
      "text": "{{character info/new}}",
      "subSections": [
        {
          "level": 2,
          "title": "Translingual",
          "text": "",
          "subSections": [
            {
              "level": 3,
              "title": "Han character",
              "text": "{{Han char|rn=5|rad=乙|as=15|sn=16|four=|canj=CSN|ids=⿱鋤乙}}",
              "subSections": [
                {
                  "level": 4,
                  "title": "References",
                  "text": "* {{Han ref|kx=0085.061|dkj=|dj=|hdz=|uh=3425|ud=13349|bh=|bd=}}"
                }
              ]
            }
          ]
        },
        {
          "level": 2,
          "title": "Korean",
          "text": "",
          "subSections": [
            {
              "level": 3,
              "title": "Hanja",
              "text": "{{ko-hanja|hangeul=설|rv=seol|mr=sŏl|y=sel}}\n\n# {{defn|lang=ko|sort=乙15}}"
            }
          ]
        }
      ]
    }
  ]
}