{
  "title": "㐪",
  "ns": 0,
  "id": 10118,
  "timestamp": 1495644582000,
  "text": [
    {
      "level": 0,
      "title": "",
      "text": "{{character info/new}}",
      "subSections": [
        {
          "level": 2,
          "title": "Translingual",
          "text": "",
          "subSections": [
            {
              "level": 3,
              "title": "Han character",
              "text": "{{Han char|rn=8|rad=亠|as=04|sn=6|four=|canj=YOU|ids=⿱亠⿻人凵}}",
              "subSections": [
                {
                  "level": 4,
                  "title": "References",
                  "text": "* {{Han ref|kx=0088.111|dkj=|dj=|hdz=|uh=342A}}"
                }
              ]
            }
          ]
        },
        {
          "level": 2,
          "title": "Chinese",
          "text": "{{zh-see|亥|v}}"
        },
        {
          "level": 2,
          "title": "Japanese",
          "text": "",
          "subSections": [
            {
              "level": 3,
              "title": "Kanji",
              "text": "{{ja-kanji|grade=|rs=亠04}}\n\n# {{rfdef|lang=ja}}",
              "subSections": [
                {
                  "level": 4,
                  "title": "Readings",
                  "text": "{{ja-readings\n|on=[[がい]] (gai)\n|kun=[[い]] (i)\n}}"
                }
              ]
            },
            {
              "level": 3,
              "title": "References",
              "text": "* {{R:Koseki Moji|003590}}"
            }
          ]
        }
      ]
    }
  ]
}