{
  "title": "㐩",
  "ns": 0,
  "id": 10117,
  "timestamp": 1503034636000,
  "text": [
    {
      "level": 0,
      "title": "",
      "text": "{{character info/new}}",
      "subSections": [
        {
          "level": 2,
          "title": "Translingual",
          "text": "",
          "subSections": [
            {
              "level": 3,
              "title": "Han character",
              "text": "{{Han char|rn=7|rad=二|as=06|sn=8|four=55000|canj=TTTT|ids=⿰井井}}",
              "subSections": [
                {
                  "level": 4,
                  "title": "References",
                  "text": "* {{Han ref|kx=0087.141|hdz=10023.010|uh=3429|ud=13353}}"
                }
              ]
            }
          ]
        },
        {
          "level": 2,
          "title": "Chinese",
          "text": "{{zh-forms}}",
          "subSections": [
            {
              "level": 3,
              "title": "Etymology 1",
              "text": "",
              "subSections": [
                {
                  "level": 4,
                  "title": "Pronunciation",
                  "text": "{{zh-pron\n|m=xíng\n|c=zing4\n|mc=\n|oc=\n|ma=\n|cat=n\n}}"
                },
                {
                  "level": 4,
                  "title": "Definitions",
                  "text": "{{zh-hanzi}}\n\n# [[utensil]] for [[alcoholic]] [[drink]]"
                }
              ]
            },
            {
              "level": 3,
              "title": "Etymology 2",
              "text": "{{zh-see|鈃|v}}"
            }
          ]
        },
        {
          "level": 2,
          "title": "Korean",
          "text": "",
          "subSections": [
            {
              "level": 3,
              "title": "Hanja",
              "text": "{{ko-hanja|hangeul=형|rv=hyeong|mr=hyŏng|y=hyeng|eumhun=술독|ehrv=suldok|ehmr=sultok|ehy=swultok}}\n\n# {{defn|lang=ko|sort=二06}}"
            }
          ]
        }
      ]
    }
  ]
}