{
  "title": "㐣",
  "ns": 0,
  "id": 10111,
  "timestamp": 1503033345000,
  "text": [
    {
      "level": 0,
      "title": "",
      "text": "{{character info/new}}",
      "subSections": [
        {
          "level": 2,
          "title": "Translingual",
          "text": "",
          "subSections": [
            {
              "level": 3,
              "title": "Han character",
              "text": "{{Han char|rn=5|rad=乙|as=10|sn=11|four=|canj=IJJN|ids=⿸广⿱車乙}}",
              "subSections": [
                {
                  "level": 4,
                  "title": "References",
                  "text": "* {{Han ref|kx=0084.321|dkj=|dj=|hdz=|uh=3423|ud=13347|bh=|bd=}}"
                }
              ]
            }
          ]
        },
        {
          "level": 2,
          "title": "Korean",
          "text": "",
          "subSections": [
            {
              "level": 3,
              "title": "Hanja",
              "text": "{{ko-hanja|hangeul=골|rv=gol|mr=kol|y=kol}}\n\n# {{defn|lang=ko|sort=乙10}}"
            }
          ]
        }
      ]
    }
  ]
}