{
  "title": "㐢",
  "ns": 0,
  "id": 10110,
  "timestamp": 1503033322000,
  "text": [
    {
      "level": 0,
      "title": "",
      "text": "{{character info/new}}",
      "subSections": [
        {
          "level": 2,
          "title": "Translingual",
          "text": "",
          "subSections": [
            {
              "level": 3,
              "title": "Han character",
              "text": "{{Han char|rn=5|rad=乙|as=10|sn=11|four=|canj=EDN|ids=⿱浮乙}}",
              "subSections": [
                {
                  "level": 4,
                  "title": "References",
                  "text": "* {{Han ref|kx=0084.321|dkj=|dj=|hdz=|uh=3422|ud=13346|bh=|bd=}}"
                }
              ]
            }
          ]
        },
        {
          "level": 2,
          "title": "Korean",
          "text": "",
          "subSections": [
            {
              "level": 3,
              "title": "Hanja",
              "text": "{{ko-hanja|hangeul=뜰|rv=tteul|mr=ttŭl|y=ttul}}\n\n# {{defn|lang=ko|sort=乙10}}"
            }
          ]
        }
      ]
    }
  ]
}