{
  "title": "㐮",
  "ns": 0,
  "id": 10122,
  "timestamp": 1514169843000,
  "text": [
    {
      "level": 0,
      "title": "",
      "text": "{{also|襄}}\n{{character info/new}}",
      "subSections": [
        {
          "level": 2,
          "title": "Translingual",
          "text": "",
          "subSections": [
            {
              "level": 3,
              "title": "Han character",
              "text": "{{Han char|rn=8|rad=亠|as=11|sn=13|four=|canj=YCTTV|ids=⿳[[六]][[𠀎]][[𧘇]]}}",
              "subSections": [
                {
                  "level": 4,
                  "title": "Derived characters",
                  "text": "* [[嬢]] [[譲]] [[醸]] [[壌]] [[穣]]"
                },
                {
                  "level": 4,
                  "title": "See also",
                  "text": "* [[襄]] (original form)"
                },
                {
                  "level": 4,
                  "title": "References",
                  "text": "* {{Han ref|kx=0089.201|hdz=10291.080|uh=342E|ud=13358}}"
                }
              ]
            }
          ]
        },
        {
          "level": 2,
          "title": "Chinese",
          "text": "{{zh-see|襄|v}}"
        },
        {
          "level": 2,
          "title": "Japanese",
          "text": "",
          "subSections": [
            {
              "level": 3,
              "title": "Kanji",
              "text": "{{ja-kanji|grade=|rs=衣11}} <!-- This character is not an official shinjitai character -->\n\n# {{defn|lang=ja|sort=衣11}}",
              "subSections": [
                {
                  "level": 4,
                  "title": "Readings",
                  "text": "* {{ja-readings|on=[[じょう]] (jō)}}"
                },
                {
                  "level": 4,
                  "title": "Usage notes",
                  "text": "Only used as a [[component]] in the following {{w|shinjitai}} characters: [[嬢]] [[譲]] [[醸]] [[壌]] [[穣]]."
                }
              ]
            }
          ]
        },
        {
          "level": 2,
          "title": "Korean",
          "text": "",
          "subSections": [
            {
              "level": 3,
              "title": "Hanja",
              "text": "{{ko-hanja|hangeul=양|rv=yang|mr=yang|y=yang|eumhun=돕다|ehrv=dopda|ehmr=topta|ehy=topta}}\n\n# {{defn|lang=ko|sort=亠11}}"
            }
          ]
        }
      ]
    }
  ]
}