{
  "title": "㐳",
  "ns": 0,
  "id": 10127,
  "timestamp": 1529812281000,
  "text": [
    {
      "level": 0,
      "title": "",
      "text": "{{character info/new}}",
      "subSections": [
        {
          "level": 2,
          "title": "Translingual",
          "text": "",
          "subSections": [
            {
              "level": 3,
              "title": "Han character",
              "text": "{{Han char|rn=9|rad=人|as=03|sn=5|four=|canj=OMU|ids=⿰[[亻]][[兀]]}}\n\n# [[high]] and [[level]] on the [[top]]",
              "subSections": [
                {
                  "level": 4,
                  "title": "References",
                  "text": "* {{Han ref|kx=0094.030|dkj=00389|hdz=10113.030|uh=3433|ud=13363}}"
                }
              ]
            }
          ]
        },
        {
          "level": 2,
          "title": "Chinese",
          "text": "{{zh-forms}}",
          "subSections": [
            {
              "level": 3,
              "title": "Pronunciation",
              "text": "{{zh-pron\n|m=wù\n|c=ngaat6\n|mc=\n|oc=\n|ma=\n|cat=a\n}}"
            },
            {
              "level": 3,
              "title": "Definitions",
              "text": "{{zh-hanzi}}\n\n# {{zh-alt-form|兀}}\n# {{zh-alt-form|卼}}"
            }
          ]
        },
        {
          "level": 2,
          "title": "Korean",
          "text": "",
          "subSections": [
            {
              "level": 3,
              "title": "Hanja",
              "text": "{{ko-hanja|hangeul=올|rv=ol|mr=ol|y=ol|eumhun=불안하다|ehrv=bulanhada|ehmr=pulanhada|ehy=pulanhada}}\n\n# {{defn|lang=ko|sort=人03}}"
            }
          ]
        }
      ]
    }
  ]
}