{
  "title": "㐲",
  "ns": 0,
  "id": 10126,
  "timestamp": 1509633625000,
  "text": [
    {
      "level": 0,
      "title": "",
      "text": "{{also|伏}}\n\n{{character info/new}}",
      "subSections": [
        {
          "level": 2,
          "title": "Translingual",
          "text": "",
          "subSections": [
            {
              "level": 3,
              "title": "Han character",
              "text": "{{Han char|rn=9|rad=人|as=03|sn=5|four=|canj=OK|ids=⿰[[亻]][[大]]}}",
              "subSections": [
                {
                  "level": 4,
                  "title": "References",
                  "text": "* {{Han ref|kx=0093.080|dkj=00383|hdz=10113.010|uh=3432|ud=13362}}"
                }
              ]
            }
          ]
        },
        {
          "level": 2,
          "title": "Chinese",
          "text": "{{zh-forms}}",
          "subSections": [
            {
              "level": 3,
              "title": "Pronunciation",
              "text": "{{zh-pron\n|m=dài\n|c=daai6\n|mc=y\n|oc=\n|ma=\n|cat=pn\n}}"
            },
            {
              "level": 3,
              "title": "Definitions",
              "text": "{{zh-hanzi}}\n\n# {{n-g|Name of an [[island]].}}"
            }
          ]
        },
        {
          "level": 2,
          "title": "Korean",
          "text": "",
          "subSections": [
            {
              "level": 3,
              "title": "Hanja",
              "text": "{{ko-hanja|hangeul=대|rv=dae|mr=tae|y=tay}}\n\n# {{defn|lang=ko|sort=人03}}"
            }
          ]
        }
      ]
    }
  ]
}