{
  "title": "㐵",
  "ns": 0,
  "id": 10129,
  "timestamp": 1527672635000,
  "text": [
    {
      "level": 0,
      "title": "",
      "text": "{{character info/new}}",
      "subSections": [
        {
          "level": 2,
          "title": "Translingual",
          "text": "",
          "subSections": [
            {
              "level": 3,
              "title": "Han character",
              "text": "{{Han char|rn=9|rad=人|as=03|sn=5|four=|canj=OMD|ids=⿰[[亻]][[于]]}}\n\n# (non-standard variant of [[伍]]) [[five]] (used normally on official documents or checks to avoid forgery)\n# (non-standard variant of [[伍]]) [[wǔ|Wǔ]], a common Chinese [[surname]]\n# (non-standard variant of [[于]]) [[in]], [[on]], [[at]]\n# (non-standard variant of [[于]]) [[yú|Yú]], a Chinese [[surname]]",
              "subSections": [
                {
                  "level": 4,
                  "title": "References",
                  "text": "* {{Han ref|kx=0094.051|dkj=|dj=|hdz=|uh=3435|ud=13365|bh=|bd=}}"
                }
              ]
            }
          ]
        },
        {
          "level": 2,
          "title": "Chinese",
          "text": "{{zh-forms}}",
          "subSections": [
            {
              "level": 3,
              "title": "Pronunciation",
              "text": "{{zh-pron\n|m=wǔ,yú\n|c=ng5,yu1\n|mc=\n|oc=\n|ma=\n|cat=num,pn,prep\n}}"
            },
            {
              "level": 3,
              "title": "Definitions",
              "text": "{{zh-hanzi}}\n\n# {{rfdef|lang=zh}}"
            }
          ]
        },
        {
          "level": 2,
          "title": "Korean",
          "text": "",
          "subSections": [
            {
              "level": 3,
              "title": "Hanja",
              "text": "{{ko-hanja|hangeul=유|rv=yu|mr=yu|y=yu|eumhun=선비|ehrv=seonbi|ehmr=sŏnbi|ehy=senpi}}\n\n# {{defn|lang=ko|sort=人03}}"
            }
          ]
        }
      ]
    }
  ]
}