{
  "title": "㐭",
  "ns": 0,
  "id": 10121,
  "timestamp": 1519127331000,
  "text": [
    {
      "level": 0,
      "title": "",
      "text": "{{character info/new}}",
      "subSections": [
        {
          "level": 2,
          "title": "Translingual",
          "text": "",
          "subSections": [
            {
              "level": 3,
              "title": "Han character",
              "text": "{{Han char|rn=8|rad=亠|as=06|sn=8|four=|canj=YWR|ids=⿱[[亠]][[回]]}}",
              "subSections": [
                {
                  "level": 4,
                  "title": "References",
                  "text": "* {{Han ref|kx=0089.010|hdz=10284.070|uh=342D|ud=13357}}"
                }
              ]
            }
          ]
        },
        {
          "level": 2,
          "title": "Chinese",
          "text": "{{zh-forms}}",
          "subSections": [
            {
              "level": 3,
              "title": "Glyph origin",
              "text": "{{Han etym}}"
            },
            {
              "level": 3,
              "title": "Pronunciation",
              "text": "{{zh-pron\n|m=lǐn\n|mc=y\n|cat=n\n}}"
            },
            {
              "level": 3,
              "title": "Definitions",
              "text": "{{zh-hanzi}}\n\n# {{zh-original|廩|[[granary]]}}"
            }
          ]
        },
        {
          "level": 2,
          "title": "Korean",
          "text": "",
          "subSections": [
            {
              "level": 3,
              "title": "Hanja",
              "text": "{{ko-hanja|hangeul=[[름]]([[늠]])|rv=reum(neum)|mr=rŭm(nŭm)|y=rum(<sup>r</sup>num)|eumhun=곳집|ehrv=gotjip|ehmr=kotchip|ehy=koscip}}\n\n# {{defn|lang=ko|sort=亠06}}"
            }
          ]
        }
      ]
    }
  ]
}