{
  "title": "㐯",
  "ns": 0,
  "id": 10123,
  "timestamp": 1524992676000,
  "text": [
    {
      "level": 0,
      "title": "",
      "text": "{{character info/new}}",
      "subSections": [
        {
          "level": 2,
          "title": "Translingual",
          "text": "",
          "subSections": [
            {
              "level": 3,
              "title": "Han character",
              "text": "{{Han char|rn=8|rad=亠|as=15|sn=17|four=|canj=YRRA|ids=⿱⿱[[亠]][[吕]][[香]]}}",
              "subSections": [
                {
                  "level": 4,
                  "title": "References",
                  "text": "* {{Han ref|kx=0089.241|dkj=00339|hdz=10294.020|uh=342F|ud=13359}}"
                }
              ]
            }
          ]
        },
        {
          "level": 2,
          "title": "Chinese",
          "text": "{{zh-see|𠆌|hv}} <!-- According to Dai Kan-Wa Jiten, 㐯 is the 僞字 of 𠆌, which is the ancient form (古字) of 庸. -->",
          "subSections": [
            {
              "level": 3,
              "title": "Notes",
              "text": "{{lang|zh|𠆌}} is in turn recorded in historical dictionaries as an ancient form of {{l|zh|庸}}."
            }
          ]
        },
        {
          "level": 2,
          "title": "Korean",
          "text": "",
          "subSections": [
            {
              "level": 3,
              "title": "Hanja",
              "text": "{{ko-hanja|hangeul=용|rv=yong|mr=yong|y=yong|eumhun=쓰다|ehrv=sseuda|ehmr=ssŭda|ehy=ssuta}}\n\n# {{defn|lang=ko|sort=亠15}}"
            }
          ]
        }
      ]
    }
  ]
}