{
  "title": "㐴",
  "ns": 0,
  "id": 10128,
  "timestamp": 1509634824000,
  "text": [
    {
      "level": 0,
      "title": "",
      "text": "{{character info/new}}",
      "subSections": [
        {
          "level": 2,
          "title": "Translingual",
          "text": "",
          "subSections": [
            {
              "level": 3,
              "title": "Han character",
              "text": "{{Han char|rn=9|rad=人|as=03|sn=5|four=|canj=ONI|ids=⿰[[亻]][[夕]]}}\n\n# (non-classical variant of [[攀]]) to [[drag]] [[down]]\n# [[seize]], [[pull]], [[hold]] to",
              "subSections": [
                {
                  "level": 4,
                  "title": "References",
                  "text": "* {{Han ref|kx=0094.050|dkj=00391|hdz=10115.010|uh=3434|ud=13364}}"
                }
              ]
            }
          ]
        },
        {
          "level": 2,
          "title": "Chinese",
          "text": "{{zh-see|攀|v}}"
        },
        {
          "level": 2,
          "title": "Korean",
          "text": "",
          "subSections": [
            {
              "level": 3,
              "title": "Hanja",
              "text": "{{ko-hanja|hangeul=반|rv=ban|mr=pan|y=pan}}\n\n# {{defn|lang=ko|sort=人03}}"
            }
          ]
        }
      ]
    }
  ]
}