{
  "title": "㐰",
  "ns": 0,
  "id": 10124,
  "timestamp": 1524991899000,
  "text": [
    {
      "level": 0,
      "title": "",
      "text": "{{also|信|伩}}\n{{character info/new}}",
      "subSections": [
        {
          "level": 2,
          "title": "Translingual",
          "text": "",
          "subSections": [
            {
              "level": 3,
              "title": "Han character",
              "text": "{{Han char|rn=9|rad=人|as=03|sn=5|four=|canj=OR|ids=⿰亻口}}",
              "subSections": [
                {
                  "level": 4,
                  "title": "References",
                  "text": "* {{Han ref|kx=0092.080|hdz=10114.020|uh=3430|ud=13360}}"
                }
              ]
            }
          ]
        },
        {
          "level": 2,
          "title": "Chinese",
          "text": "{{zh-see|信|a}}"
        },
        {
          "level": 2,
          "title": "Korean",
          "text": "",
          "subSections": [
            {
              "level": 3,
              "title": "Hanja",
              "text": "{{ko-hanja|hangeul=신|rv=sin|mr=shin|y=sin|eumhun=믿다|ehrv=mitda|ehmr=mitta|ehy=mitta}}\n\n# {{defn|lang=ko|sort=人03}}"
            }
          ]
        }
      ]
    }
  ]
}