{
  "title": "㐿",
  "ns": 0,
  "id": 10139,
  "timestamp": 1527672642000,
  "text": [
    {
      "level": 0,
      "title": "",
      "text": "{{character info/new}}",
      "subSections": [
        {
          "level": 2,
          "title": "Translingual",
          "text": "",
          "subSections": [
            {
              "level": 3,
              "title": "Han character",
              "text": "{{Han char|rn=9|rad=人|as=04|sn=6|four=|canj=OQ|ids=⿰[[亻]][[手]]}}\n\n# (archaic Korean) to [[hit]], to [[strike]]",
              "subSections": [
                {
                  "level": 4,
                  "title": "References",
                  "text": "* {{Han ref|kx=0096.121|dkj=|dj=|hdz=|uh=343F|ud=13375|bh=|bd=}}"
                }
              ]
            }
          ]
        },
        {
          "level": 2,
          "title": "Korean",
          "text": "",
          "subSections": [
            {
              "level": 3,
              "title": "Hanja",
              "text": "{{ko-hanja|hangeul=격|rv=gyeok|mr=kyŏk|y=kyek|eumhun=치다|ehrv=chida|ehmr=ch'ida|ehy=chita}}\n\n# {{defn|lang=ko|sort=人04}}"
            }
          ]
        }
      ]
    }
  ]
}