{
  "title": "㐶",
  "ns": 0,
  "id": 10130,
  "timestamp": 1520802601000,
  "text": [
    {
      "level": 0,
      "title": "",
      "text": "{{character info/new}}",
      "subSections": [
        {
          "level": 2,
          "title": "Translingual",
          "text": "",
          "subSections": [
            {
              "level": 3,
              "title": "Han character",
              "text": "{{Han char|rn=9|rad=人|as=03|sn=5|four=|canj=ORU|ids=⿰[[亻]][[巳]]}}",
              "subSections": [
                {
                  "level": 4,
                  "title": "References",
                  "text": "* {{Han ref|kx=0094.051|dkj=|dj=|hdz=|uh=3436|ud=13366|bh=|bd=}}"
                }
              ]
            }
          ]
        },
        {
          "level": 2,
          "title": "Korean",
          "text": "",
          "subSections": [
            {
              "level": 3,
              "title": "Hanja",
              "text": "{{ko-hanja|hangeul=[[사]], [[화]]|rv=sa, hwa|mr=sa, hwa|y=sa, hwa|eumhun=되다|ehrv=doeda|ehmr=toeda|ehy=toyta}}\n\n# {{defn|lang=ko|sort=人03}}"
            }
          ]
        }
      ]
    }
  ]
}