{
  "title": "㐻",
  "ns": 0,
  "id": 10135,
  "timestamp": 1511773776000,
  "text": [
    {
      "level": 0,
      "title": "",
      "text": "{{character info/new}}",
      "subSections": [
        {
          "level": 2,
          "title": "Translingual",
          "text": "",
          "subSections": [
            {
              "level": 3,
              "title": "Han character",
              "text": "{{Han char|rn=9|rad=人|as=04|sn=6|four=|canj=OOB|ids=⿰[[亻]][[內]]}}\n\n# [[name]] of a [[person]]",
              "subSections": [
                {
                  "level": 4,
                  "title": "References",
                  "text": "* {{Han ref|kx=0096.090|dkj=00447|hdz=10122.010|uh=343B|ud=13371}}"
                }
              ]
            }
          ]
        },
        {
          "level": 2,
          "title": "Chinese",
          "text": "{{zh-forms}}",
          "subSections": [
            {
              "level": 3,
              "title": "Pronunciation",
              "text": "{{zh-pron\n|m=nèi\n|c=fu1,mou5,noi6\n|mc=\n|oc=\n|ma=\n|cat=pn\n}}"
            },
            {
              "level": 3,
              "title": "Definitions",
              "text": "{{zh-hanzi}}\n\n# {{rfdef|lang=zh}}"
            }
          ]
        },
        {
          "level": 2,
          "title": "Korean",
          "text": "",
          "subSections": [
            {
              "level": 3,
              "title": "Hanja",
              "text": "{{ko-hanja|hangeul=내|rv=nae|mr=nae|y=nay}}\n\n# {{defn|lang=ko|sort=人04}}"
            }
          ]
        }
      ]
    }
  ]
}