{
  "title": "㐼",
  "ns": 0,
  "id": 10136,
  "timestamp": 1511774265000,
  "text": [
    {
      "level": 0,
      "title": "",
      "text": "{{character info/new}}",
      "subSections": [
        {
          "level": 2,
          "title": "Translingual",
          "text": "",
          "subSections": [
            {
              "level": 3,
              "title": "Han character",
              "text": "{{Han char|rn=9|rad=人|as=04|sn=6|four=|canj=OHT|ids=⿰[[亻]][[升]]}}\n\n# (corrupted form of [[拯]]) to [[save]]\n# to [[lift up]]",
              "subSections": [
                {
                  "level": 4,
                  "title": "References",
                  "text": "* {{Han ref|kx=0096.110|hdz=10123.010|uh=343C|ud=13372}}"
                }
              ]
            }
          ]
        },
        {
          "level": 2,
          "title": "Chinese",
          "text": "{{zh-forms}}",
          "subSections": [
            {
              "level": 3,
              "title": "Pronunciation",
              "text": "{{zh-pron\n|m=chèng,zhěng\n|c=cing2\n|mc=\n|oc=\n|ma=\n|cat=v\n}}"
            },
            {
              "level": 3,
              "title": "Definitions",
              "text": "{{zh-hanzi}}\n\n# {{zh-alt-form|抍}}"
            }
          ]
        },
        {
          "level": 2,
          "title": "Korean",
          "text": "",
          "subSections": [
            {
              "level": 3,
              "title": "Hanja",
              "text": "{{ko-hanja|hangeul=승|rv=seung|mr=sŭng|y=sung}}\n\n# {{defn|lang=ko|sort=人04}}"
            }
          ]
        }
      ]
    }
  ]
}