{
  "title": "㐽",
  "ns": 0,
  "id": 10137,
  "timestamp": 1495644628000,
  "text": [
    {
      "level": 0,
      "title": "",
      "text": "{{character info/new}}",
      "subSections": [
        {
          "level": 2,
          "title": "Translingual",
          "text": "",
          "subSections": [
            {
              "level": 3,
              "title": "Han character",
              "text": "{{Han char|rn=9|rad=人|as=04|sn=6|four=|canj=OHNK|ids=⿰亻风}}",
              "subSections": [
                {
                  "level": 4,
                  "title": "References",
                  "text": "* {{Han ref|kx=0096.121|uh=343D|ud=13373}}"
                }
              ]
            }
          ]
        },
        {
          "level": 2,
          "title": "Chinese",
          "text": "{{zh-see|偑}}"
        }
      ]
    }
  ]
}