{
  "title": "㐷",
  "ns": 0,
  "id": 10131,
  "timestamp": 1495644614000,
  "text": [
    {
      "level": 0,
      "title": "",
      "text": "{{character info/new}}",
      "subSections": [
        {
          "level": 2,
          "title": "Translingual",
          "text": "",
          "subSections": [
            {
              "level": 3,
              "title": "Han character",
              "text": "{{Han char|rn=9|rad=人|as=03|sn=5|four=|canj=ONVM|ids=⿰亻马}}",
              "subSections": [
                {
                  "level": 4,
                  "title": "References",
                  "text": "* {{Han ref|kx=0094.051|uh=3437|ud=13367}}"
                }
              ]
            }
          ]
        },
        {
          "level": 2,
          "title": "Chinese",
          "text": "{{zh-see|傌}}"
        }
      ]
    }
  ]
}