{
  "title": "㐺",
  "ns": 0,
  "id": 10134,
  "timestamp": 1523462981000,
  "text": [
    {
      "level": 0,
      "title": "",
      "text": "{{also|众|乑}}\n{{character info/new}}",
      "subSections": [
        {
          "level": 2,
          "title": "Translingual",
          "text": "",
          "subSections": [
            {
              "level": 3,
              "title": "Han character",
              "text": "{{Han char|rn=9|rad=人|as=04|sn=6|four=|canj=OOO|ids=⿰亻𠆧}}",
              "subSections": [
                {
                  "level": 4,
                  "title": "References",
                  "text": "* {{Han ref|kx=0095.220|dkj=00437|hdz=10124.030|uh=343A|ud=13370}}"
                }
              ]
            }
          ]
        },
        {
          "level": 2,
          "title": "Chinese",
          "text": "",
          "subSections": [
            {
              "level": 3,
              "title": "Etymology 1",
              "text": "{{zh-see|乑|v}}"
            },
            {
              "level": 3,
              "title": "Etymology 2",
              "text": "{{zh-see|眾|v}}"
            }
          ]
        },
        {
          "level": 2,
          "title": "Korean",
          "text": "",
          "subSections": [
            {
              "level": 3,
              "title": "Hanja",
              "text": "{{ko-hanja|hangeul=중|rv=jung|mr=chung|y=cwung|eumhun=무리|ehrv=muri|ehmr=muri|ehy=muli}}\n\n# {{defn|lang=ko|sort=人04}}"
            }
          ]
        }
      ]
    }
  ]
}