{
  "title": "㐸",
  "ns": 0,
  "id": 10132,
  "timestamp": 1510324769000,
  "text": [
    {
      "level": 0,
      "title": "",
      "text": "{{character info/new}}",
      "subSections": [
        {
          "level": 2,
          "title": "Translingual",
          "text": "",
          "subSections": [
            {
              "level": 3,
              "title": "Han character",
              "text": "{{Han char|rn=9|rad=人|as=04|sn=6|four=|canj=ONO|ids=⿰[[亻]][[欠]]}}\n\n# (non-classical form of [[欠]]) to [[owe]] [[money]]\n# [[deficient]]\n# to [[yawn]]\n# [[last name]]",
              "subSections": [
                {
                  "level": 4,
                  "title": "References",
                  "text": "* {{Han ref|kx=0094.100|hdz=10125.020|uh=3438|ud=13368}}"
                }
              ]
            }
          ]
        },
        {
          "level": 2,
          "title": "Chinese",
          "text": "{{zh-forms}}",
          "subSections": [
            {
              "level": 3,
              "title": "Pronunciation 1",
              "text": "{{zh-pron\n|m=qiàn\n|c=gim1,him3\n|mc=y\n|oc=\n|ma=\n|cat=v,a\n}}",
              "subSections": [
                {
                  "level": 4,
                  "title": "Definitions",
                  "text": "{{zh-hanzi}}\n\n# {{zh-alt-form|欠}}"
                }
              ]
            },
            {
              "level": 3,
              "title": "Pronunciation 2",
              "text": "{{zh-pron\n|m=cì\n|cat=pn\n}}",
              "subSections": [
                {
                  "level": 4,
                  "title": "Definitions",
                  "text": "{{zh-hanzi}}\n\n# {{surname|lang=zh}}"
                }
              ]
            }
          ]
        },
        {
          "level": 2,
          "title": "Korean",
          "text": "",
          "subSections": [
            {
              "level": 3,
              "title": "Hanja",
              "text": "{{ko-hanja|hangeul=흠|rv=heum|mr=hŭm|y=hum|eumhun=하품|ehrv=hapum|ehmr=hapum|ehy=hapum}}\n\n# {{defn|lang=ko|sort=人04}}"
            }
          ]
        }
      ]
    }
  ]
}