{
  "title": "㑆",
  "ns": 0,
  "id": 10146,
  "timestamp": 1520802603000,
  "text": [
    {
      "level": 0,
      "title": "",
      "text": "{{character info/new}}",
      "subSections": [
        {
          "level": 2,
          "title": "Translingual",
          "text": "",
          "subSections": [
            {
              "level": 3,
              "title": "Han character",
              "text": "{{Han char|rn=9|rad=人|as=05|sn=7|four=26210|canj=ORHU|ids=⿰亻兄}}",
              "subSections": [
                {
                  "level": 4,
                  "title": "References",
                  "text": "* {{Han ref|kx=0100.021|dkj=|dj=|hdz=|uh=3446|ud=13382|bh=|bd=}}"
                }
              ]
            }
          ]
        },
        {
          "level": 2,
          "title": "Korean",
          "text": "",
          "subSections": [
            {
              "level": 3,
              "title": "Hanja",
              "text": "{{ko-hanja|hangeul=이|rv=i|mr=i|y=i|eumhun=게으르다|ehrv=geeureuda|ehmr=keŭrŭda|ehy=keuluta}}\n\n# {{defn|lang=ko|sort=人05}}"
            }
          ]
        }
      ]
    }
  ]
}