{
  "title": "㑁",
  "ns": 0,
  "id": 10141,
  "timestamp": 1512051847000,
  "text": [
    {
      "level": 0,
      "title": "",
      "text": "{{character info/new}}",
      "subSections": [
        {
          "level": 2,
          "title": "Translingual",
          "text": "",
          "subSections": [
            {
              "level": 3,
              "title": "Han character",
              "text": "{{Han char|rn=9|rad=人|as=05|sn=7|four=|canj=OUU|ids=⿰[[亻]][[出]]}}\n\n# [[short]]\n# of short [[stature]]",
              "subSections": [
                {
                  "level": 4,
                  "title": "References",
                  "text": "* {{Han ref|kx=0096.150|dkj=00465|hdz=10140.040|uh=3441|ud=13377}}"
                }
              ]
            }
          ]
        },
        {
          "level": 2,
          "title": "Chinese",
          "text": "{{zh-forms}}",
          "subSections": [
            {
              "level": 3,
              "title": "Etymology 1",
              "text": "",
              "subSections": [
                {
                  "level": 4,
                  "title": "Pronunciation",
                  "text": "{{zh-pron\n|m=zhuō\n|c=zyut3,zyut6\n|mc=y\n|oc=\n|ma=\n|cat=a\n}}"
                },
                {
                  "level": 4,
                  "title": "Definitions",
                  "text": "{{zh-hanzi}}\n\n# [[short]]"
                }
              ]
            },
            {
              "level": 3,
              "title": "Etymology 2",
              "text": "{{zh-see|儲|ss}}"
            },
            {
              "level": 3,
              "title": "Etymology 3",
              "text": "{{zh-see|貯|ss}}"
            }
          ]
        },
        {
          "level": 2,
          "title": "Korean",
          "text": "",
          "subSections": [
            {
              "level": 3,
              "title": "Hanja",
              "text": "{{ko-hanja|hangeul=출|rv=chul|mr=ch'ul|y=chwul|eumhun=짧다|ehrv=jjalta|ehmr=tchalta|ehy=ccalpta}}\n\n# {{defn|lang=ko|sort=人05}}"
            }
          ]
        }
      ]
    }
  ]
}