{
  "title": "㑂",
  "ns": 0,
  "id": 10142,
  "timestamp": 1512112781000,
  "text": [
    {
      "level": 0,
      "title": "",
      "text": "{{character info/new}}",
      "subSections": [
        {
          "level": 2,
          "title": "Translingual",
          "text": "",
          "subSections": [
            {
              "level": 3,
              "title": "Han character",
              "text": "{{Han char|rn=9|rad=人|as=05|sn=7|four=|canj=OMOB|ids=⿰[[亻]][[丙]]}}\n\n# (same as [[仿]]) to [[imitate]], [[like]]\n# [[resembling]], [[according]] to",
              "subSections": [
                {
                  "level": 4,
                  "title": "References",
                  "text": "* {{Han ref|kx=0096.190|dkj=00469|hdz=10130.050|uh=3442|ud=13378}}"
                }
              ]
            }
          ]
        },
        {
          "level": 2,
          "title": "Chinese",
          "text": "{{zh-forms}}",
          "subSections": [
            {
              "level": 3,
              "title": "Pronunciation",
              "text": "{{zh-pron\n|m=fǎng,páng\n|c=fong2,pong4\n|mc=\n|oc=\n|ma=\n|cat=v\n}}"
            },
            {
              "level": 3,
              "title": "Definitions",
              "text": "{{zh-hanzi}}\n\n# {{zh-alt-form|*仿}}"
            }
          ]
        },
        {
          "level": 2,
          "title": "Korean",
          "text": "",
          "subSections": [
            {
              "level": 3,
              "title": "Hanja",
              "text": "{{ko-hanja|hangeul=방|rv=bang|mr=pang|y=pang|eumhun=헤매다|ehrv=hemaeda|ehmr=hemaeda|ehy=heymayta}}\n\n# {{defn|lang=ko|sort=人05}}"
            }
          ]
        }
      ]
    }
  ]
}