{
  "title": "㑄",
  "ns": 0,
  "id": 10144,
  "timestamp": 1516118297000,
  "text": [
    {
      "level": 0,
      "title": "",
      "text": "{{also|侮}}\n{{character info/new}}",
      "subSections": [
        {
          "level": 2,
          "title": "Translingual",
          "text": "",
          "subSections": [
            {
              "level": 3,
              "title": "Han character",
              "text": "{{Han char|rn=9|rad=人|as=05|sn=7|four=27250|canj=OWYI|ids=⿰亻母}}",
              "subSections": [
                {
                  "level": 4,
                  "title": "References",
                  "text": "* {{Han ref|kx=0098.020|hdz=10141.050|uh=3444|ud=13380}}"
                }
              ]
            }
          ]
        },
        {
          "level": 2,
          "title": "Chinese",
          "text": "{{zh-see|侮|a}}"
        },
        {
          "level": 2,
          "title": "Korean",
          "text": "",
          "subSections": [
            {
              "level": 3,
              "title": "Hanja",
              "text": "{{ko-hanja|hangeul=모|rv=mo|mr=mo|y=mo|eumhun=업신여기다|ehrv=eopsin-yeogida|ehmr=ŏpsin'yŏgida|ehy=epqsin.yekita}}\n\n# {{defn|lang=ko|sort=人05}}"
            }
          ]
        }
      ]
    }
  ]
}