{
  "title": "㑉",
  "ns": 0,
  "id": 10149,
  "timestamp": 1513395518000,
  "text": [
    {
      "level": 0,
      "title": "",
      "text": "{{character info/new}}",
      "subSections": [
        {
          "level": 2,
          "title": "Translingual",
          "text": "",
          "subSections": [
            {
              "level": 3,
              "title": "Etymology",
              "text": "{{Han compound|亻|夙|c1=s|c2=p|ls=psc}}"
            },
            {
              "level": 3,
              "title": "Han character",
              "text": "{{Han char|rn=9|rad=人|as=06|sn=8|four=27210|canj=OHNN|ids=⿰亻夙}}\n\n# [[cannot]] [[straighten up]]",
              "subSections": [
                {
                  "level": 4,
                  "title": "References",
                  "text": "* {{Han ref|kx=0100.050|dkj=00544|hdz=10151.010|uh=3449|ud=13385}}"
                }
              ]
            }
          ]
        },
        {
          "level": 2,
          "title": "Chinese",
          "text": "{{zh-forms}}",
          "subSections": [
            {
              "level": 3,
              "title": "Pronunciation",
              "text": "{{zh-pron\n|m=sù\n|c=cuk1\n|mc=y\n|oc=\n|ma=\n|cat=v\n}}"
            },
            {
              "level": 3,
              "title": "Definitions",
              "text": "{{zh-hanzi}}\n\n# {{zh-only|傗㑉}}"
            }
          ]
        },
        {
          "level": 2,
          "title": "Korean",
          "text": "",
          "subSections": [
            {
              "level": 3,
              "title": "Hanja",
              "text": "{{ko-hanja|hangeul=숙|rv=suk|mr=suk|y=swuk|eumhun=[[펴다|펴지지]] [[않다]]|ehrv=pyeojiji anta|ehmr=pyŏjiji ant'a|ehy=phyecici anhta}}\n\n# {{defn|lang=ko|sort=人06}}"
            }
          ]
        }
      ]
    }
  ]
}