{
  "title": "㑅",
  "ns": 0,
  "id": 10145,
  "timestamp": 1496220723000,
  "text": [
    {
      "level": 0,
      "title": "",
      "text": "{{character info/new}}",
      "subSections": [
        {
          "level": 2,
          "title": "Translingual",
          "text": "",
          "subSections": [
            {
              "level": 3,
              "title": "Han character",
              "text": "{{Han char|rn=9|rad=人|as=05|sn=7|four=28211|canj=OOYM|ids=⿰亻⿱𠂉上}}\n\n# (same as [[作]]) to [[make]]\n# to [[do]]\n# to [[act]], to [[write]]\n# to [[compose]]\n# to [[rise]], [[work]]",
              "subSections": [
                {
                  "level": 4,
                  "title": "References",
                  "text": "* {{Han ref|kx=0100.021|hdz=10136.010|uh=3445|ud=13381}}"
                }
              ]
            }
          ]
        },
        {
          "level": 2,
          "title": "Chinese",
          "text": "{{zh-see|作|v}}"
        },
        {
          "level": 2,
          "title": "Korean",
          "text": "",
          "subSections": [
            {
              "level": 3,
              "title": "Hanja",
              "text": "{{ko-hanja|hangeul=작|rv=jak|mr=chak|y=cak|eumhun=짓다|ehrv=jitda|ehmr=chitta|ehy=cisqta}}\n\n# {{defn|lang=ko|sort=人05}}"
            }
          ]
        }
      ]
    }
  ]
}