{
  "title": "㑀",
  "ns": 0,
  "id": 10140,
  "timestamp": 1527672645000,
  "text": [
    {
      "level": 0,
      "title": "",
      "text": "{{character info/new}}",
      "subSections": [
        {
          "level": 2,
          "title": "Translingual",
          "text": "",
          "subSections": [
            {
              "level": 3,
              "title": "Han character",
              "text": "{{Han char|rn=9|rad=人|as=04|sn=6|four=|canj=OKI|ids=⿰[[亻]][[太]]}}\n\n# ([[Min]] dialect variants) [[forget it]]\n# [[allow]], [[permit]], [[yield]], [[concede]]\n# [[no matter]] ([[unimportant]])",
              "subSections": [
                {
                  "level": 4,
                  "title": "References",
                  "text": "* {{Han ref|kx=0096.121|dkj=|dj=|hdz=|uh=3440|ud=13376|bh=|bd=}}"
                }
              ]
            }
          ]
        },
        {
          "level": 2,
          "title": "Chinese",
          "text": "{{zh-forms}}",
          "subSections": [
            {
              "level": 3,
              "title": "Pronunciation",
              "text": "{{zh-pron\n|m=tài\n|c=\n|mc=\n|oc=\n|ma=\n|cat=v,a\n}}"
            },
            {
              "level": 3,
              "title": "Definitions",
              "text": "{{zh-hanzi}}\n\n# {{rfdef|lang=zh}}",
              "subSections": [
                {
                  "level": 4,
                  "title": "References",
                  "text": "----"
                }
              ]
            }
          ]
        },
        {
          "level": 2,
          "title": "Korean",
          "text": "",
          "subSections": [
            {
              "level": 3,
              "title": "Hanja",
              "text": "{{ko-hanja|hangeul=태|rv=tae|mr=t'ae|y=thay}}\n\n# {{defn|lang=ko|sort=人04}}"
            }
          ]
        }
      ]
    }
  ]
}