{
  "title": "㑇",
  "ns": 0,
  "id": 10147,
  "timestamp": 1495644653000,
  "text": [
    {
      "level": 0,
      "title": "",
      "text": "{{character info/new}}",
      "subSections": [
        {
          "level": 2,
          "title": "Translingual",
          "text": "",
          "subSections": [
            {
              "level": 3,
              "title": "Han character",
              "text": "{{Han char|rn=9|rad=人|as=05|sn=7|four=27277|canj=ONSM|ids=⿰亻刍}}\n\n# (a simplified form) [[clever]]\n# [[ingenious]]\n# [[cute]]\n# [[pretty]]",
              "subSections": [
                {
                  "level": 4,
                  "title": "References",
                  "text": "* {{Han ref|kx=0100.021|hdz=10137.080|uh=3447|ud=13383}}"
                }
              ]
            }
          ]
        },
        {
          "level": 2,
          "title": "Chinese",
          "text": "{{zh-see|㑳}}"
        },
        {
          "level": 2,
          "title": "Korean",
          "text": "",
          "subSections": [
            {
              "level": 3,
              "title": "Hanja",
              "text": "{{ko-hanja|hangeul=추|rv=chu|mr=ch'u|y=chwu|eumhun=[[고용]]되다|ehrv=goyongdoeda|ehmr=koyongdoeda|ehy=koyongtoyta}}\n\n# {{defn|lang=ko|sort=人05}}"
            }
          ]
        }
      ]
    }
  ]
}