{
  "title": "㑃",
  "ns": 0,
  "id": 10143,
  "timestamp": 1512314534000,
  "text": [
    {
      "level": 0,
      "title": "",
      "text": "{{character info/new}}",
      "subSections": [
        {
          "level": 2,
          "title": "Translingual",
          "text": "",
          "subSections": [
            {
              "level": 3,
              "title": "Han character",
              "text": "{{Han char|rn=9|rad=人|as=05|sn=7|four=24227|canj=OVIS|ids=⿰亻幼}}\n\n# (same as [[拗]]) to [[pull]]\n# to [[drag]], to [[break off]], to [[pluck]] (as a flower)",
              "subSections": [
                {
                  "level": 4,
                  "title": "References",
                  "text": "* {{Han ref|kx=0097.050|dkj=00480|hdz=10141.060|uh=3443|ud=13379}}"
                }
              ]
            }
          ]
        },
        {
          "level": 2,
          "title": "Chinese",
          "text": "{{zh-forms}}",
          "subSections": [
            {
              "level": 3,
              "title": "Pronunciation",
              "text": "{{zh-pron\n|m=ǎo\n|c=au2,au3,paai1\n|mc=y\n|oc=\n|ma=\n|cat=v\n}}"
            },
            {
              "level": 3,
              "title": "Definitions",
              "text": "{{zh-hanzi}}\n\n# {{zh-alt-form|拗}}"
            }
          ]
        },
        {
          "level": 2,
          "title": "Korean",
          "text": "",
          "subSections": [
            {
              "level": 3,
              "title": "Hanja",
              "text": "{{ko-hanja|hangeul=요|rv=yo|mr=yo|y=yo|eumhun=헤매다|ehrv=hemaeda|ehmr=hemaeda|ehy=heymayta}}\n\n# {{defn|lang=ko|sort=人05}}"
            }
          ]
        }
      ]
    }
  ]
}