{
  "title": "㑍",
  "ns": 0,
  "id": 10153,
  "timestamp": 1514516871000,
  "text": [
    {
      "level": 0,
      "title": "",
      "text": "{{character info/new}}",
      "subSections": [
        {
          "level": 2,
          "title": "Translingual",
          "text": "",
          "subSections": [
            {
              "level": 3,
              "title": "Han character",
              "text": "{{Han char|rn=9|rad=人|as=06|sn=8|four=25290|canj=OQD|ids=⿰亻耒}}",
              "subSections": [
                {
                  "level": 4,
                  "title": "References",
                  "text": "* {{Han ref|kx=0102.110|dkj=00600|hdz=10149.010|uh=344D|ud=13389}}"
                }
              ]
            }
          ]
        },
        {
          "level": 2,
          "title": "Chinese",
          "text": "{{zh-forms}}",
          "subSections": [
            {
              "level": 3,
              "title": "Pronunciation",
              "text": "{{zh-pron\n|m=lèi,lěi\n|c=leoi5\n|c-t=\n|g=\n|h=pfs=\n|j=\n|md=\n|mn=\n|mn-t=\n|w=\n|x=\n|mc=y\n|oc=y\n|cat=a\n}}"
            },
            {
              "level": 3,
              "title": "Definitions",
              "text": "{{zh-hanzi}}\n\n# [[inferior]]\n# [[secondary]]\n# [[ugly]]"
            }
          ]
        },
        {
          "level": 2,
          "title": "Korean",
          "text": "",
          "subSections": [
            {
              "level": 3,
              "title": "Hanja",
              "text": "{{ko-hanja|hangeul=[[뢰]]>[[뇌]]|eumhun=버금|ehrv=beogeum|ehmr=pŏgŭm|ehy=pekum}}\n\n# {{defn|lang=ko|sort=人06}}"
            }
          ]
        }
      ]
    }
  ]
}