{
  "title": "㑎",
  "ns": 0,
  "id": 10154,
  "timestamp": 1514545867000,
  "text": [
    {
      "level": 0,
      "title": "",
      "text": "{{character info/new}}",
      "subSections": [
        {
          "level": 2,
          "title": "Translingual",
          "text": "",
          "subSections": [
            {
              "level": 3,
              "title": "Han character",
              "text": "{{Han char|rn=9|rad=人|as=06|sn=8|four=22272|canj=OVVU|ids=⿰亻⿱巛山}}\n\n# {{surname|lang=zh}}",
              "subSections": [
                {
                  "level": 4,
                  "title": "References",
                  "text": "* {{Han ref|kx=0102.190|dkj=00608|hdz=10155.010|uh=344E|ud=13390}}"
                }
              ]
            }
          ]
        },
        {
          "level": 2,
          "title": "Chinese",
          "text": "{{zh-forms}}",
          "subSections": [
            {
              "level": 3,
              "title": "Pronunciation",
              "text": "{{zh-pron\n|m=nǎo\n|c=nou5\n|mc=\n|oc=\n|ma=\n|cat=pn\n}}"
            },
            {
              "level": 3,
              "title": "Definitions",
              "text": "{{zh-hanzi}}\n\n# {{surname|lang=zh}}"
            }
          ]
        },
        {
          "level": 2,
          "title": "Korean",
          "text": "",
          "subSections": [
            {
              "level": 3,
              "title": "Hanja",
              "text": "{{ko-hanja|hangeul=뇌|rv=noe|mr=noe|y=noy}}\n\n# {{defn|lang=ko|sort=人06}}"
            }
          ]
        }
      ]
    }
  ]
}