{
  "title": "㑊",
  "ns": 0,
  "id": 10150,
  "timestamp": 1513400188000,
  "text": [
    {
      "level": 0,
      "title": "",
      "text": "{{character info/new}}",
      "subSections": [
        {
          "level": 2,
          "title": "Translingual",
          "text": "",
          "subSections": [
            {
              "level": 3,
              "title": "Han character",
              "text": "{{Han char|rn=9|rad=人|as=06|sn=8|four=|canj=OYLC|ids=⿰[[亻]][[亦]]}}\n\n# a [[kind]] of [[disease]]",
              "subSections": [
                {
                  "level": 4,
                  "title": "References",
                  "text": "* {{Han ref|kx=0100.200|dkj=00559|hdz=10152.030|uh=344A|ud=13386}}"
                }
              ]
            }
          ]
        },
        {
          "level": 2,
          "title": "Chinese",
          "text": "{{zh-forms}}",
          "subSections": [
            {
              "level": 3,
              "title": "Pronunciation",
              "text": "{{zh-pron\n|m=yì\n|c=zik6\n|mc=\n|oc=\n|ma=\n|cat=n\n}}"
            },
            {
              "level": 3,
              "title": "Definitions",
              "text": "{{zh-hanzi}}\n\n# {{zh-only|解㑊}}"
            }
          ]
        },
        {
          "level": 2,
          "title": "Korean",
          "text": "",
          "subSections": [
            {
              "level": 3,
              "title": "Hanja",
              "text": "{{ko-hanja|hangeul=역|rv=yeok|mr=yŏk|y=yek}}\n\n# {{defn|lang=ko|sort=人06}}"
            }
          ]
        }
      ]
    }
  ]
}