{
  "title": "㑋",
  "ns": 0,
  "id": 10151,
  "timestamp": 1513592041000,
  "text": [
    {
      "level": 0,
      "title": "",
      "text": "{{character info/new}}",
      "subSections": [
        {
          "level": 2,
          "title": "Translingual",
          "text": "",
          "subSections": [
            {
              "level": 3,
              "title": "Han character",
              "text": "{{Han char|rn=9|rad=人|as=06|sn=8|four=25260|canj=OTW|ids=⿰亻曲}}\n\n# [[small]], [[poor]], [[submit]] to the [[dominion]] of\n# [[slow]]\n# [[late]]",
              "subSections": [
                {
                  "level": 4,
                  "title": "References",
                  "text": "* {{Han ref|kx=0100.260|dkj=00565|hdz=10147.110|uh=344B|ud=13387}}"
                }
              ]
            }
          ]
        },
        {
          "level": 2,
          "title": "Chinese",
          "text": "{{zh-forms}}",
          "subSections": [
            {
              "level": 3,
              "title": "Pronunciation",
              "text": "{{zh-pron\n|m=qióng\n|c=kung4\n|mc=\n|oc=\n|ma=\n|cat=a\n}}"
            },
            {
              "level": 3,
              "title": "Definitions",
              "text": "{{zh-hanzi}}\n\n# {{rfdef|lang=zh}}"
            }
          ]
        },
        {
          "level": 2,
          "title": "Korean",
          "text": "",
          "subSections": [
            {
              "level": 3,
              "title": "Hanja",
              "text": "{{ko-hanja|hangeul=궁|rv=gung|mr=kung|y=kwung}}\n\n# {{defn|lang=ko|sort=人06}}"
            }
          ]
        }
      ]
    }
  ]
}