{
  "title": "㑏",
  "ns": 0,
  "id": 10155,
  "timestamp": 1514546581000,
  "text": [
    {
      "level": 0,
      "title": "",
      "text": "{{character info/new}}",
      "subSections": [
        {
          "level": 2,
          "title": "Translingual",
          "text": "",
          "subSections": [
            {
              "level": 3,
              "title": "Han character",
              "text": "{{Han char|rn=9|rad=人|as=06|sn=8|four=237242|canj=OJDI|ids=⿰亻守}}\n\n# (corrupted form of [[佇]]) to [[stand]] and [[wait]]\n# to [[hope]] for",
              "subSections": [
                {
                  "level": 4,
                  "title": "References",
                  "text": "* {{Han ref|kx=0102.230|dkj=00612|hdz=10154.020|uh=344F|ud=13391}}"
                }
              ]
            }
          ]
        },
        {
          "level": 2,
          "title": "Chinese",
          "text": "{{zh-see|佇|v}}"
        },
        {
          "level": 2,
          "title": "Korean",
          "text": "",
          "subSections": [
            {
              "level": 3,
              "title": "Hanja",
              "text": "{{ko-hanja|hangeul=저|rv=jeo|mr=chŏ|y=ce|eumhun=우두커니|ehrv=udukeoni|ehmr=uduk'ŏni|ehy=wudwukeni}}\n\n# {{defn|lang=ko|sort=人06}}"
            }
          ]
        }
      ]
    }
  ]
}