{
  "title": "㑓",
  "ns": 0,
  "id": 10169,
  "timestamp": 1520802605000,
  "text": [
    {
      "level": 0,
      "title": "",
      "text": "{{character info/new}}",
      "subSections": [
        {
          "level": 2,
          "title": "Translingual",
          "text": "",
          "subSections": [
            {
              "level": 3,
              "title": "Han character",
              "text": "{{Han char|rn=9|rad=人|as=06|sn=8|four=23247|canj=OIKE|ids=⿰亻⿱厶友}}",
              "subSections": [
                {
                  "level": 4,
                  "title": "References",
                  "text": "* {{Han ref|kx=0102.291|dkj=|dj=|hdz=|uh=3453|ud=13395|bh=|bd=}}"
                }
              ]
            }
          ]
        },
        {
          "level": 2,
          "title": "Korean",
          "text": "",
          "subSections": [
            {
              "level": 3,
              "title": "Hanja",
              "text": "{{ko-hanja|hangeul=준|rv=jun|mr=chun|y=cwun|eumhun=준걸|ehrv=jun-geol|ehmr=chun'gŏl|ehy=cwunkel}}\n\n# {{defn|lang=ko|sort=人06}}"
            }
          ]
        }
      ]
    }
  ]
}