{
  "title": "㑒",
  "ns": 0,
  "id": 10168,
  "timestamp": 1530749531000,
  "text": [
    {
      "level": 0,
      "title": "",
      "text": "{{character info/new}}",
      "subSections": [
        {
          "level": 2,
          "title": "Translingual",
          "text": "{{Han simplified forms|僉|㑒|佥|ex=y}}",
          "subSections": [
            {
              "level": 3,
              "title": "Etymology",
              "text": "{{Han simp|僉}} (unofficial)."
            },
            {
              "level": 3,
              "title": "Han character",
              "text": "{{Han char|rn=9|rad=人|as=06|sn=8|four=80806|canj=OMLO|ids=⿱亼⿻口人}}",
              "subSections": [
                {
                  "level": 4,
                  "title": "Usage notes",
                  "text": "Used in Japanese shinjitai simplifications."
                },
                {
                  "level": 4,
                  "title": "Derived characters",
                  "text": "* [[倹]] [[険]] [[検]] [[験]] [[剣]] [[剱]] [[𠝏]] [[𡸴]] [[㰸]] [[㪘]] [[𫠗]] [[鹸]]"
                },
                {
                  "level": 4,
                  "title": "References",
                  "text": "* {{Han ref|kx=0102.291|dkj=|dj=|hdz=|ud=13394|uh=3452|bh=|bd=}}"
                }
              ]
            }
          ]
        },
        {
          "level": 2,
          "title": "Chinese",
          "text": "{{zh-see|僉|v}}"
        },
        {
          "level": 2,
          "title": "Japanese",
          "text": "",
          "subSections": [
            {
              "level": 3,
              "title": "Kanji",
              "text": "{{ja-kanji|grade=|rs=人11}}\n\n# {{defn|lang=ja|sort=人11}}",
              "subSections": [
                {
                  "level": 4,
                  "title": "Readings",
                  "text": "* {{ja-readings|on=[[せん]] (sen)|kun=[[みな]] (mina), [[ことごとく]] (kotogotoku), [[ともに]] (tomoni)}}"
                }
              ]
            }
          ]
        }
      ]
    }
  ]
}