{
  "title": "㑕",
  "ns": 0,
  "id": 10171,
  "timestamp": 1520802607000,
  "text": [
    {
      "level": 0,
      "title": "",
      "text": "{{character info/new}}",
      "subSections": [
        {
          "level": 2,
          "title": "Translingual",
          "text": "",
          "subSections": [
            {
              "level": 3,
              "title": "Han character",
              "text": "{{Han char|rn=9|rad=人|as=06|sn=8|four=|canj=OUNI|ids=⿰亻岁}}",
              "subSections": [
                {
                  "level": 4,
                  "title": "References",
                  "text": "* {{Han ref|kx=0102.291|dkj=|dj=|hdz=|uh=3455|ud=13397|bh=|bd=}}"
                }
              ]
            }
          ]
        },
        {
          "level": 2,
          "title": "Korean",
          "text": "",
          "subSections": [
            {
              "level": 3,
              "title": "Hanja",
              "text": "{{ko-hanja|hangeul=세|rv=se|mr=se|y=sey}}\n\n# {{defn|lang=ko|sort=人06}}"
            }
          ]
        }
      ]
    }
  ]
}