{
  "title": "㑘",
  "ns": 0,
  "id": 10174,
  "timestamp": 1514559741000,
  "text": [
    {
      "level": 0,
      "title": "",
      "text": "{{character info/new}}",
      "subSections": [
        {
          "level": 2,
          "title": "Translingual",
          "text": "",
          "subSections": [
            {
              "level": 3,
              "title": "Han character",
              "text": "{{Han char|rn=9|rad=人|as=07|sn=9|four=|canj=OIT|ids=⿰亻戒}}\n\n# [[servant]]\n# [[middleman]]\n# [[good]], [[great]]\n# (a simplified form) (same as [[价]]) [[price]]\n# [[value]]",
              "subSections": [
                {
                  "level": 4,
                  "title": "References",
                  "text": "* {{Han ref|kx=0103.120|dkj=00638|hdz=10156.120|uh=3458|ud=13400}}"
                }
              ]
            }
          ]
        },
        {
          "level": 2,
          "title": "Chinese",
          "text": "{{zh-see|价|v}}"
        },
        {
          "level": 2,
          "title": "Korean",
          "text": "",
          "subSections": [
            {
              "level": 3,
              "title": "Hanja",
              "text": "{{ko-hanja|hangeul=개|rv=gae|mr=kae|y=kay|eumhun=착하다|ehrv=chakada|ehmr=ch'akhada|ehy=chakhata}}\n\n# {{defn|lang=ko|sort=人07}}"
            }
          ]
        }
      ]
    }
  ]
}