{
  "title": "㑝",
  "ns": 0,
  "id": 10179,
  "timestamp": 1518174938000,
  "text": [
    {
      "level": 0,
      "title": "",
      "text": "{{character info/new}}",
      "subSections": [
        {
          "level": 2,
          "title": "Translingual",
          "text": "",
          "subSections": [
            {
              "level": 3,
              "title": "Han character",
              "text": "{{Han char|rn=9|rad=人|as=07|sn=9|four=|canj=OMGT|ids=⿰亻弄}}\n\n# to [[make a fool of]]\n# [[idiotic]], [[simple]], [[stupid]]",
              "subSections": [
                {
                  "level": 4,
                  "title": "References",
                  "text": "* {{Han ref|kx=0105.060|dkj=00692|hdz=10156.100|uh=345D|ud=13405}}"
                }
              ]
            }
          ]
        },
        {
          "level": 2,
          "title": "Chinese",
          "text": "{{zh-forms}}",
          "subSections": [
            {
              "level": 3,
              "title": "Pronunciation",
              "text": "{{zh-pron\n|m=lòng\n|c=lung6\n|mc=\n|oc=\n|ma=\n|cat=v,a\n}}"
            },
            {
              "level": 3,
              "title": "Definitions",
              "text": "{{zh-hanzi}}\n\n# {{zh-alt-form|𢙱|dot=,}} {{zh-only|𢙱赣|nocap=y}}"
            }
          ]
        },
        {
          "level": 2,
          "title": "Korean",
          "text": "",
          "subSections": [
            {
              "level": 3,
              "title": "Hanja",
              "text": "{{ko-hanja|hangeul=[[롱]]([[농]])|rv=rong(nong)|mr=rong(nong)|y=long(<sup>l</sup>nong)|eumhun=어리석다|ehrv=eoriseokda|ehmr=ŏrisŏkta|ehy=elisekta}}\n\n# {{defn|lang=ko|sort=人07}}"
            }
          ]
        }
      ]
    }
  ]
}