{
  "title": "㑜",
  "ns": 0,
  "id": 10178,
  "timestamp": 1518174063000,
  "text": [
    {
      "level": 0,
      "title": "",
      "text": "{{character info/new}}",
      "subSections": [
        {
          "level": 2,
          "title": "Translingual",
          "text": "",
          "subSections": [
            {
              "level": 3,
              "title": "Han character",
              "text": "{{Han char|rn=9|rad=人|as=07|sn=9|four=|canj=OQHL|ids=⿰亻折}}\n\n# (a dialect) [[engrave]]",
              "subSections": [
                {
                  "level": 4,
                  "title": "References",
                  "text": "* {{Han ref|kx=0105.010|dkj=00687|hdz=10156.130|uh=345C|ud=13404}}"
                }
              ]
            }
          ]
        },
        {
          "level": 2,
          "title": "Chinese",
          "text": "{{zh-forms}}",
          "subSections": [
            {
              "level": 3,
              "title": "Pronunciation",
              "text": "{{zh-pron\n|m=yì\n|c=zaai6\n|mc=y\n|oc=\n|ma=\n|cat=v\n}}"
            },
            {
              "level": 3,
              "title": "Definitions",
              "text": "{{zh-hanzi}}\n\n# {{rfdef|lang=zh}}"
            }
          ]
        },
        {
          "level": 2,
          "title": "Korean",
          "text": "",
          "subSections": [
            {
              "level": 3,
              "title": "Hanja",
              "text": "{{ko-hanja|hangeul=절|rv=jeol|mr=chŏl|y=cel|eumhun=새기다|ehrv=saegida|ehmr=saegida|ehy=saykita}}\n\n# {{defn|lang=ko|sort=人07}}"
            }
          ]
        }
      ]
    }
  ]
}