{
  "title": "㑗",
  "ns": 0,
  "id": 10173,
  "timestamp": 1514557769000,
  "text": [
    {
      "level": 0,
      "title": "",
      "text": "{{character info/new}}",
      "subSections": [
        {
          "level": 2,
          "title": "Translingual",
          "text": "",
          "subSections": [
            {
              "level": 3,
              "title": "Han character",
              "text": "{{Han char|rn=9|rad=人|as=07|sn=9|four=|canj=OHXH|ids=⿰亻身}}\n\n# a [[god]]\n# [[pregnant]]",
              "subSections": [
                {
                  "level": 4,
                  "title": "References",
                  "text": "* {{Han ref|kx=0103.050|dkj=00631|hdz=10163.040|uh=3457|ud=13399}}"
                }
              ]
            }
          ]
        },
        {
          "level": 2,
          "title": "Chinese",
          "text": "{{zh-forms}}",
          "subSections": [
            {
              "level": 3,
              "title": "Pronunciation",
              "text": "{{zh-pron\n|m=shēn\n|c=saan1,saan6\n|mc=y\n|oc=\n|ma=\n|cat=pn,a\n}}"
            },
            {
              "level": 3,
              "title": "Definitions",
              "text": "{{zh-hanzi}}\n\n# {{n-g|Name of a god.}}\n# {{†}} [[pregnant]]\n# {{surname|lang=zh}}"
            }
          ]
        },
        {
          "level": 2,
          "title": "Korean",
          "text": "",
          "subSections": [
            {
              "level": 3,
              "title": "Hanja",
              "text": "{{ko-hanja|hangeul=신|rv=sin|mr=sin|y=sin|eumhun=계집|ehrv=gyejip|ehmr=kyejip|ehy=kyeycip}}\n\n# {{defn|lang=ko|sort=人07}}"
            }
          ]
        }
      ]
    }
  ]
}