{
  "title": "㑞",
  "ns": 0,
  "id": 10180,
  "timestamp": 1518230172000,
  "text": [
    {
      "level": 0,
      "title": "",
      "text": "{{character info/new}}",
      "subSections": [
        {
          "level": 2,
          "title": "Translingual",
          "text": "",
          "subSections": [
            {
              "level": 3,
              "title": "Han character",
              "text": "{{Han char|rn=9|rad=人|as=07|sn=9|four=|canj=OFT|ids=⿰亻灷}}\n\n# (same as [[媵]]) (in old time) a [[maid]] who [[accompanies]] a [[bride]] to her [[new]] [[home]]\n# to [[escort]]\n# [[concubine]]",
              "subSections": [
                {
                  "level": 4,
                  "title": "References",
                  "text": "* {{Han ref|kx=0105.070|dkj=00693|hdz=10166.030|uh=345E|ud=13406}}"
                }
              ]
            }
          ]
        },
        {
          "level": 2,
          "title": "Chinese",
          "text": "{{zh-see|媵|v}}"
        },
        {
          "level": 2,
          "title": "Korean",
          "text": "",
          "subSections": [
            {
              "level": 3,
              "title": "Hanja",
              "text": "{{ko-hanja|hangeul=잉|rv=ing|mr=ing|y=ing|eumhun=딸려보내다|ehrv=ttallyeobonaeda|ehmr=ttallyŏbonaeda|ehy=ttallyeponayta}}\n\n# {{defn|lang=ko|sort=人07}}"
            }
          ]
        }
      ]
    }
  ]
}