{
  "title": "㑠",
  "ns": 0,
  "id": 10182,
  "timestamp": 1520802610000,
  "text": [
    {
      "level": 0,
      "title": "",
      "text": "{{character info/new}}",
      "subSections": [
        {
          "level": 2,
          "title": "Translingual",
          "text": "",
          "subSections": [
            {
              "level": 3,
              "title": "Han character",
              "text": "{{Han char|rn=9|rad=人|as=07|sn=9|four=|canj=OLEG|ids=⿰亻坚}}",
              "subSections": [
                {
                  "level": 4,
                  "title": "References",
                  "text": "{{Han ref|kx=0106.041|uh=3460|ud=13408}}"
                }
              ]
            }
          ]
        }
      ]
    }
  ]
}