{
  "title": "㑦",
  "ns": 0,
  "id": 10188,
  "timestamp": 1495644738000,
  "text": [
    {
      "level": 0,
      "title": "",
      "text": "{{character info/new}}",
      "subSections": [
        {
          "level": 2,
          "title": "Translingual",
          "text": "",
          "subSections": [
            {
              "level": 3,
              "title": "Han character",
              "text": "{{Han char|rn=9|rad=人|as=08|sn=10|four=|canj=OISK|ids=⿰亻戾}}\n\n# [[anger]]\n# [[rage]]\n# [[angry]]\n# (same as [[戾]]) [[recalcitrant]]\n# [[stubbornly]] [[persist]]ing in doing something [[wrong]]\n# [[cruel]]\n# [[despotic]]",
              "subSections": [
                {
                  "level": 4,
                  "title": "References",
                  "text": "* {{Han ref|kx=0107.240|hdz=10184.080|uh=3466|ud=13414}}"
                }
              ]
            }
          ]
        },
        {
          "level": 2,
          "title": "Chinese",
          "text": "{{zh-forms}}",
          "subSections": [
            {
              "level": 3,
              "title": "Pronunciation",
              "text": "{{zh-pron\n|m=lì\n|c=leoi6\n|mc=\n|oc=\n|ma=\n|cat=n,a\n}}"
            },
            {
              "level": 3,
              "title": "Definitions",
              "text": "{{zh-hanzi}}\n\n# {{rfdef|lang=zh}}"
            }
          ]
        },
        {
          "level": 2,
          "title": "Korean",
          "text": "",
          "subSections": [
            {
              "level": 3,
              "title": "Hanja",
              "text": "{{ko-hanja|hangeul=[[려]]([[여]])|rv=ryeo(yeo)|mr=ryŏ(yŏ)|y=lye(<sup>l</sup>ye)|eumhun=성내다|ehrv=seongnaeda|ehmr=sŏngnaeda|ehy=sengnayta}}\n\n# {{defn|lang=ko|sort=人08}}"
            }
          ]
        }
      ]
    }
  ]
}