{
  "title": "㑟",
  "ns": 0,
  "id": 10181,
  "timestamp": 1518230942000,
  "text": [
    {
      "level": 0,
      "title": "",
      "text": "{{character info/new}}",
      "subSections": [
        {
          "level": 2,
          "title": "Translingual",
          "text": "",
          "subSections": [
            {
              "level": 3,
              "title": "Han character",
              "text": "{{Han char|rn=9|rad=人|as=07|sn=9|four=|canj=OOMC|ids=⿰亻兵}}\n\n# [[insincere]] and [[cunning]] [[person]]\n# [[pretentious]] person",
              "subSections": [
                {
                  "level": 4,
                  "title": "References",
                  "text": "* {{Han ref|kx=0105.220|dkj=00704|hdz=10163.020|uh=345F|ud=13407}}"
                }
              ]
            }
          ]
        },
        {
          "level": 2,
          "title": "Chinese",
          "text": "{{zh-forms}}",
          "subSections": [
            {
              "level": 3,
              "title": "Pronunciation",
              "text": "{{zh-pron\n|m=běng\n|c=mang1\n|mc=y\n|oc=\n|ma=\n|cat=n\n}}"
            },
            {
              "level": 3,
              "title": "Definitions",
              "text": "{{zh-hanzi}}\n\n# {{rfdef|lang=zh}}"
            }
          ]
        },
        {
          "level": 2,
          "title": "Korean",
          "text": "",
          "subSections": [
            {
              "level": 3,
              "title": "Hanja",
              "text": "{{ko-hanja|hangeul=팽|rv=paeng|mr=p'aeng|y=phayng|eumhun=거짓말하다|ehrv=geojinmalhada|ehmr=kŏjinmarhada|ehy=kecismalhata}}\n\n# {{defn|lang=ko|sort=人07}}"
            }
          ]
        }
      ]
    }
  ]
}