{
  "title": "㑧",
  "ns": 0,
  "id": 10189,
  "timestamp": 1496227794000,
  "text": [
    {
      "level": 0,
      "title": "",
      "text": "{{character info/new}}",
      "subSections": [
        {
          "level": 2,
          "title": "Translingual",
          "text": "",
          "subSections": [
            {
              "level": 3,
              "title": "Han character",
              "text": "{{Han char|rn=9|rad=人|as=08|sn=10|four=|canj=OHDD|ids=⿰亻季}}\n\n# (corrupted form of [[悸]]) [[perturb]]ed\n# to [[throb]], [[palpitation]] of the [[heart]]",
              "subSections": [
                {
                  "level": 4,
                  "title": "References",
                  "text": "* {{Han ref|kx=0109.171|hdz=10179.070|uh=3467|ud=13415}}"
                }
              ]
            }
          ]
        },
        {
          "level": 2,
          "title": "Chinese",
          "text": "{{zh-forms}}",
          "subSections": [
            {
              "level": 3,
              "title": "Pronunciation",
              "text": "{{zh-pron\n|m=jì\n|c=gwai3\n|mc=\n|oc=\n|ma=\n|cat=a,v\n}}"
            },
            {
              "level": 3,
              "title": "Definitions",
              "text": "{{zh-hanzi}}\n\n# {{rfdef|lang=zh}}"
            }
          ]
        },
        {
          "level": 2,
          "title": "Korean",
          "text": "",
          "subSections": [
            {
              "level": 3,
              "title": "Hanja",
              "text": "{{ko-hanja|hangeul=계|rv=gye|mr=kye|y=kyey|eumhun=두근거리다|ehrv=dugeungeorida|ehmr=tugŭn'gŏrida|ehy=twukunkelita}}\n\n# {{defn|lang=ko|sort=人08}}"
            }
          ]
        }
      ]
    }
  ]
}