{
  "title": "㑤",
  "ns": 0,
  "id": 10186,
  "timestamp": 1496226767000,
  "text": [
    {
      "level": 0,
      "title": "",
      "text": "{{character info/new}}",
      "subSections": [
        {
          "level": 2,
          "title": "Translingual",
          "text": "",
          "subSections": [
            {
              "level": 3,
              "title": "Han character",
              "text": "{{Han char|rn=9|rad=人|as=09|sn=11|four=|canj=OTW|ids=⿰亻苗}}\n\n# (same as [[媌]]) [[good-looking]]\n# [[prostitute]]",
              "subSections": [
                {
                  "level": 4,
                  "title": "References",
                  "text": "* {{Han ref|kx=0106.150|hdz=10186.150|uh=3464|ud=13412}}"
                }
              ]
            }
          ]
        },
        {
          "level": 2,
          "title": "Chinese",
          "text": "{{zh-see|媌|v}}"
        },
        {
          "level": 2,
          "title": "Korean",
          "text": "",
          "subSections": [
            {
              "level": 3,
              "title": "Hanja",
              "text": "{{ko-hanja|hangeul=묘|rv=myo|mr=myo|y=myo}}\n\n# {{defn|lang=ko|sort=人09}}"
            }
          ]
        }
      ]
    }
  ]
}