{
  "title": "㑡",
  "ns": 0,
  "id": 10183,
  "timestamp": 1520802611000,
  "text": [
    {
      "level": 0,
      "title": "",
      "text": "{{character info/new}}",
      "subSections": [
        {
          "level": 2,
          "title": "Translingual",
          "text": "",
          "subSections": [
            {
              "level": 3,
              "title": "Han character",
              "text": "{{Han char|rn=9|rad=人|as=07|sn=9|four=|canj=OAIL|ids=⿰亻即}}",
              "subSections": [
                {
                  "level": 4,
                  "title": "References",
                  "text": "* {{Han ref|kx=0106.041|dkj=|dj=|hdz=|uh=3461|ud=13409|bh=|bd=}}"
                }
              ]
            }
          ]
        },
        {
          "level": 2,
          "title": "Korean",
          "text": "",
          "subSections": [
            {
              "level": 3,
              "title": "Hanja",
              "text": "{{ko-hanja|hangeul=즉|rv=jeuk|mr=chŭk|y=cuk}}\n\n# {{gloss|unknown meaning, used rarely in China or Korea}}"
            }
          ]
        }
      ]
    }
  ]
}