{
  "title": "㑣",
  "ns": 0,
  "id": 10185,
  "timestamp": 1529814724000,
  "text": [
    {
      "level": 0,
      "title": "",
      "text": "{{character info/new}}",
      "subSections": [
        {
          "level": 2,
          "title": "Translingual",
          "text": "",
          "subSections": [
            {
              "level": 3,
              "title": "Han character",
              "text": "{{Han char|rn=9|rad=人|as=08|sn=10|four=|canj=ODD|ids=⿰亻林}}",
              "subSections": [
                {
                  "level": 4,
                  "title": "References",
                  "text": "* {{Han ref|kx=0106.130|hdz=10172.010|uh=3463|ud=13411}}"
                }
              ]
            }
          ]
        },
        {
          "level": 2,
          "title": "Chinese",
          "text": "{{zh-forms}}",
          "subSections": [
            {
              "level": 3,
              "title": "Pronunciation",
              "text": "{{zh-pron\n|m=lán\n|mc=\n|oc=\n|ma=\n|cat=a\n}}"
            },
            {
              "level": 3,
              "title": "Definitions",
              "text": "{{zh-hanzi}}\n\n# {{zh-used in|㑣儓}}\n# {{zh-obsolete}} [[foolish]]; [[stupid]]"
            }
          ]
        },
        {
          "level": 2,
          "title": "Korean",
          "text": "",
          "subSections": [
            {
              "level": 3,
              "title": "Hanja",
              "text": "{{ko-hanja|hangeul=[[람]]([[남]])|rv=ram(nam)|mr=ram(nam)|y=lam(<sup>l</sup>nam)|eumhun=투미하다|ehrv=tumihada|ehmr=t'umihada|ehy=thumihata}}\n\n# {{defn|lang=ko|sort=人08}}"
            }
          ]
        }
      ]
    }
  ]
}