{
  "title": "㑥",
  "ns": 0,
  "id": 10187,
  "timestamp": 1496226927000,
  "text": [
    {
      "level": 0,
      "title": "",
      "text": "{{character info/new}}",
      "subSections": [
        {
          "level": 2,
          "title": "Translingual",
          "text": "",
          "subSections": [
            {
              "level": 3,
              "title": "Han character",
              "text": "{{Han char|rn=9|rad=人|as=08|sn=10|four=|canj=OAPH|ids=⿰亻易}}\n\n# [[disrespectful]]\n# [[irreverent]], to make light of\n# to [[neglect]]\n# [[careless]]\n# [[rush]]\n# to [[exchange]]\n# (said of one's personality) [[easy]] to [[get along]] with",
              "subSections": [
                {
                  "level": 4,
                  "title": "References",
                  "text": "* {{Han ref|kx=0106.160|hdz=10178.010|uh=3465|ud=13413}}"
                }
              ]
            }
          ]
        },
        {
          "level": 2,
          "title": "Chinese",
          "text": "{{zh-forms}}",
          "subSections": [
            {
              "level": 3,
              "title": "Pronunciation",
              "text": "{{zh-pron\n|m=yì\n|c=zi6\n|mc=y\n|oc=\n|ma=\n|cat=a,v\n}}"
            },
            {
              "level": 3,
              "title": "Definitions",
              "text": "{{zh-hanzi}}\n\n# {{rfdef|lang=zh}}"
            }
          ]
        },
        {
          "level": 2,
          "title": "Korean",
          "text": "",
          "subSections": [
            {
              "level": 3,
              "title": "Hanja",
              "text": "{{ko-hanja|hangeul=이|rv=i|mr=i|y=i|eumhun=업신여기다|ehrv=eopsinnyeogida|ehmr=ŏpsinnyŏgida|ehy=epqsinqyekita}}\n\n# {{defn|lang=ko|sort=人08}}"
            }
          ]
        }
      ]
    }
  ]
}