{
  "title": "㑨",
  "ns": 0,
  "id": 10190,
  "timestamp": 1496227958000,
  "text": [
    {
      "level": 0,
      "title": "",
      "text": "{{character info/new}}",
      "subSections": [
        {
          "level": 2,
          "title": "Translingual",
          "text": "",
          "subSections": [
            {
              "level": 3,
              "title": "Han character",
              "text": "{{Han char|rn=9|rad=人|as=08|sn=10|four=|canj=OROK|ids=⿰亻⿱口矢}}\n\n# [[great]]\n# [[big]]\n# [[tall]]\n# [[vast]], [[noble]]\n# [[high]] in [[rank]]\n# [[very]], [[much]]",
              "subSections": [
                {
                  "level": 4,
                  "title": "References",
                  "text": "* {{Han ref|kx=0109.171|uh=3468|ud=13416}}"
                }
              ]
            }
          ]
        },
        {
          "level": 2,
          "title": "Chinese",
          "text": "{{zh-forms}}",
          "subSections": [
            {
              "level": 3,
              "title": "Pronunciation",
              "text": "{{zh-pron\n|m=yǔ\n|c=zyu5\n|mc=\n|oc=\n|ma=\n|cat=a\n}}"
            },
            {
              "level": 3,
              "title": "Definitions",
              "text": "{{zh-hanzi}}\n\n# {{rfdef|lang=zh}}"
            }
          ]
        },
        {
          "level": 2,
          "title": "Korean",
          "text": "",
          "subSections": [
            {
              "level": 3,
              "title": "Hanja",
              "text": "{{ko-hanja|hangeul=오|rv=o|mr=o|y=o}}\n\n# {{defn|lang=ko|sort=人08}}"
            }
          ]
        }
      ]
    }
  ]
}