{
  "title": "㑮",
  "ns": 0,
  "id": 10196,
  "timestamp": 1495644757000,
  "text": [
    {
      "level": 0,
      "title": "",
      "text": "{{character info/new}}",
      "subSections": [
        {
          "level": 2,
          "title": "Translingual",
          "text": "",
          "subSections": [
            {
              "level": 3,
              "title": "Han character",
              "text": "{{Han char|rn=9|rad=人|as=09|sn=11|four=|canj=OBJJ|ids=⿰亻軍}}",
              "subSections": [
                {
                  "level": 4,
                  "title": "References",
                  "text": "* {{Han ref|kx=0110.100|hdz=10195.090|uh=346E|ud=13422}}"
                }
              ]
            }
          ]
        },
        {
          "level": 2,
          "title": "Chinese",
          "text": "{{zh-forms|s=𫝈}}",
          "subSections": [
            {
              "level": 3,
              "title": "Pronunciation",
              "text": "{{zh-pron\n|m=hún\n|c=wan4\n|mc=\n|oc=\n|ma=\n|cat=pn\n}}"
            },
            {
              "level": 3,
              "title": "Definitions",
              "text": "{{zh-hanzi}}\n\n# {{surname|lang=zh}}"
            },
            {
              "level": 3,
              "title": "References",
              "text": "* {{R:yue:Jyutping Database}}"
            }
          ]
        },
        {
          "level": 2,
          "title": "Korean",
          "text": "",
          "subSections": [
            {
              "level": 3,
              "title": "Hanja",
              "text": "{{ko-hanja|hangeul=혼|rv=hon|mr=hon|y=hon}}\n\n# {{defn|lang=ko|sort=人09}}"
            }
          ]
        }
      ]
    }
  ]
}