{
  "title": "㑭",
  "ns": 0,
  "id": 10195,
  "timestamp": 1520802615000,
  "text": [
    {
      "level": 0,
      "title": "",
      "text": "{{character info/new}}",
      "subSections": [
        {
          "level": 2,
          "title": "Translingual",
          "text": "",
          "subSections": [
            {
              "level": 3,
              "title": "Han character",
              "text": "{{Han char|rn=9|rad=人|as=08|sn=10|four=|canj=OWML|ids=⿰亻畀}}",
              "subSections": [
                {
                  "level": 4,
                  "title": "References",
                  "text": "* {{Han ref|kx=0109.171|dkj=|dj=|hdz=|uh=346D|ud=13421|bh=|bd=}}"
                }
              ]
            }
          ]
        }
      ]
    }
  ]
}