{
  "title": "㑱",
  "ns": 0,
  "id": 10199,
  "timestamp": 1496230015000,
  "text": [
    {
      "level": 0,
      "title": "",
      "text": "{{character info/new}}",
      "subSections": [
        {
          "level": 2,
          "title": "Translingual",
          "text": "",
          "subSections": [
            {
              "level": 3,
              "title": "Han character",
              "text": "{{Han char|rn=9|rad=人|as=09|sn=11|four=|canj=ONHD|ids=⿰亻柔}}",
              "subSections": [
                {
                  "level": 4,
                  "title": "References",
                  "text": "* {{Han ref|kx=0112.071|hdz=10198.070|uh=3471|ud=13425}}"
                }
              ]
            }
          ]
        },
        {
          "level": 2,
          "title": "Chinese",
          "text": "{{zh-forms}}",
          "subSections": [
            {
              "level": 3,
              "title": "Pronunciation",
              "text": "{{zh-pron\n|m=rǎo\n|c=nau4\n|mc=\n|oc=\n|ma=\n|cat=n\n}}"
            },
            {
              "level": 3,
              "title": "Definitions",
              "text": "{{zh-hanzi}}\n\n# a [[kind]] of [[monkey]]\n# [[fingering]] for an [[ancient]] [[string]] [[instrument]]"
            }
          ]
        }
      ]
    }
  ]
}