{
  "title": "㑩",
  "ns": 0,
  "id": 10191,
  "timestamp": 1495644745000,
  "text": [
    {
      "level": 0,
      "title": "",
      "text": "{{character info/new}}",
      "subSections": [
        {
          "level": 2,
          "title": "Translingual",
          "text": "",
          "subSections": [
            {
              "level": 3,
              "title": "Han character",
              "text": "{{Han char|rn=9|rad=人|as=08|sn=10|four=|canj=OWLN|ids=⿰亻罗}}",
              "subSections": [
                {
                  "level": 4,
                  "title": "References",
                  "text": "* {{Han ref|kx=0109.171|uh=3469|ud=13417}}"
                }
              ]
            }
          ]
        },
        {
          "level": 2,
          "title": "Chinese",
          "text": "{{zh-see|儸}}"
        }
      ]
    }
  ]
}