{
  "title": "㑫",
  "ns": 0,
  "id": 10193,
  "timestamp": 1550910967000,
  "text": [
    {
      "level": 0,
      "title": "",
      "text": "{{character info/new}}",
      "subSections": [
        {
          "level": 2,
          "title": "Translingual",
          "text": "",
          "subSections": [
            {
              "level": 3,
              "title": "Han character",
              "text": "{{Han char|rn=9|rad=人|as=08|sn=10|four=|canj=OOIP|ids=⿰亻念}}",
              "subSections": [
                {
                  "level": 4,
                  "title": "References",
                  "text": "* {{Han ref|kx=0109.171|dkj=|dj=|hdz=|uh=346B|ud=13419|bh=|bd=}}"
                }
              ]
            }
          ]
        },
        {
          "level": 2,
          "title": "Korean",
          "text": "",
          "subSections": [
            {
              "level": 3,
              "title": "Hanja",
              "text": "{{ko-hanja|hangeul=[[념]] ([[염]])|rv=nyeom (yeom)|mr=nyŏm (yŏm)|y=nyem (<sup>n</sup>yem)}}\n\n# {{defn|lang=ko|sort=人08}}"
            }
          ]
        },
        {
          "level": 2,
          "title": "Vietnamese",
          "text": "",
          "subSections": [
            {
              "level": 3,
              "title": "Han character",
              "text": "",
              "subSections": [
                {
                  "level": 4,
                  "title": "Readings",
                  "text": "{{vi-readings|nom=nộm|rs=人08}}"
                }
              ]
            },
            {
              "level": 3,
              "title": "References",
              "text": "* Vũ Văn Kính (1999), ''Đại Tự Điển Chữ Nôm'', Ho Chi Minh City: Arts Publishing House\n* {{R:WinVNKey:Lê Sơn Thanh}}"
            }
          ]
        }
      ]
    }
  ]
}