{
  "title": "㑪",
  "ns": 0,
  "id": 10192,
  "timestamp": 1538614735000,
  "text": [
    {
      "level": 0,
      "title": "",
      "text": "{{character info/new}}",
      "subSections": [
        {
          "level": 2,
          "title": "Translingual",
          "text": "{{Han simplified forms|儕|㑪|侪|ex=y}}",
          "subSections": [
            {
              "level": 3,
              "title": "Han character",
              "text": "{{Han char|rn=9|rad=人|as=08|sn=10|four=|canj=OYKL|ids=⿰亻斉}}",
              "subSections": [
                {
                  "level": 4,
                  "title": "References",
                  "text": "* {{Han ref|kx=0109.171|uh=346A|ud=13418}}"
                }
              ]
            }
          ]
        },
        {
          "level": 2,
          "title": "Japanese",
          "text": "{{ja-kanji forms|㑪|儕}}",
          "subSections": [
            {
              "level": 3,
              "title": "Kanji",
              "text": "{{ja-kanji|grade=|rs=人08|kyu=儕}}\n\n# [[fellow]]\n# [[together]]",
              "subSections": [
                {
                  "level": 4,
                  "title": "Readings",
                  "text": "{{ja-readings\n|goon=せい\n|kanon=さい\n|kanyoon=ぜ\n|kun=ともがら-\n}}"
                }
              ]
            }
          ]
        }
      ]
    }
  ]
}