{
  "title": "㑬",
  "ns": 0,
  "id": 10194,
  "timestamp": 1520802613000,
  "text": [
    {
      "level": 0,
      "title": "",
      "text": "{{character info/new}}",
      "subSections": [
        {
          "level": 2,
          "title": "Translingual",
          "text": "",
          "subSections": [
            {
              "level": 3,
              "title": "Han character",
              "text": "{{Han char|rn=9|rad=人|as=08|sn=10|four=|canj=OVJR|ids=⿰亻姑}}",
              "subSections": [
                {
                  "level": 4,
                  "title": "References",
                  "text": "* {{Han ref|kx=0109.171|dkj=|dj=|hdz=|uh=346C|ud=13420|bh=|bd=}}"
                }
              ]
            }
          ]
        }
      ]
    }
  ]
}