{
  "title": "㑰",
  "ns": 0,
  "id": 10198,
  "timestamp": 1496229012000,
  "text": [
    {
      "level": 0,
      "title": "",
      "text": "{{character info/new}}",
      "subSections": [
        {
          "level": 2,
          "title": "Translingual",
          "text": "",
          "subSections": [
            {
              "level": 3,
              "title": "Han character",
              "text": "{{Han char|rn=9|rad=人|as=09|sn=11|four=|canj=OVNO|ids=⿰亻彖}}\n\n# (a corrupted form) [[distress]]\n# [[very]] [[difficult]]\n# [[anxiety]]\n# very [[tired]]",
              "subSections": [
                {
                  "level": 4,
                  "title": "References",
                  "text": "* {{Han ref|kx=0111.160|hdz=10198.090|uh=3470|ud=13424}}"
                }
              ]
            }
          ]
        },
        {
          "level": 2,
          "title": "Chinese",
          "text": "{{zh-forms}}",
          "subSections": [
            {
              "level": 3,
              "title": "Pronunciation",
              "text": "{{zh-pron\n|m=huì\n|c=fui4\n|mc=\n|oc=\n|ma=\n|cat=n,a\n}}"
            },
            {
              "level": 3,
              "title": "Definitions",
              "text": "{{zh-hanzi}}\n\n# {{rfdef|lang=zh}}"
            }
          ]
        },
        {
          "level": 2,
          "title": "Korean",
          "text": "",
          "subSections": [
            {
              "level": 3,
              "title": "Hanja",
              "text": "{{ko-hanja|hangeul=훼|rv=hwe|mr=hwe|y=hwey|eumhun=게으르다|ehrv=geeureuda|ehmr=keŭrŭda|ehy=keuluta}}\n\n# {{defn|lang=ko|sort=人09}}"
            }
          ]
        }
      ]
    }
  ]
}