{
  "title": "㑯",
  "ns": 0,
  "id": 10197,
  "timestamp": 1496222992000,
  "text": [
    {
      "level": 0,
      "title": "",
      "text": "{{character info/new}}",
      "subSections": [
        {
          "level": 2,
          "title": "Translingual",
          "text": "",
          "subSections": [
            {
              "level": 3,
              "title": "Han character",
              "text": "{{Han char|rn=9|rad=人|as=09|sn=11|four=|canj=OMBC|ids=⿰亻頁}}\n\n# {{surname|lang=zh}}\n# [[all]]\n# [[together]]\n# [[mutually]]\n# a [[low]]-[[rank]] [[officer]] to [[take charge]] of the [[bandit]]s in [[ancient]] [[time]]s",
              "subSections": [
                {
                  "level": 4,
                  "title": "References",
                  "text": "* {{Han ref|kx=0111.130|hdz=10188.050|uh=346F|ud=13423}}"
                }
              ]
            }
          ]
        },
        {
          "level": 2,
          "title": "Chinese",
          "text": "{{zh-forms|s=㑔}}",
          "subSections": [
            {
              "level": 3,
              "title": "Pronunciation",
              "text": "{{zh-pron\n|m=xǔ\n|c=seoi2\n|h=pfs=\n|md=\n|mn=\n|w=\n|cat=adv,n,pn\n}}"
            },
            {
              "level": 3,
              "title": "Definitions",
              "text": "{{zh-hanzi}}\n\n# {{rfdef|lang=zh}}"
            }
          ]
        },
        {
          "level": 2,
          "title": "Japanese",
          "text": "",
          "subSections": [
            {
              "level": 3,
              "title": "Kanji",
              "text": "{{ja-kanji|grade=|rs=人09}}\n\n# {{rfdef|lang=ja}}",
              "subSections": [
                {
                  "level": 4,
                  "title": "Readings",
                  "text": "{{ja-readings\n|on=[[しゅ]] (shu)\n|kun=\n}}"
                }
              ]
            },
            {
              "level": 3,
              "title": "References",
              "text": "* {{R:Koseki Moji|010230}}"
            }
          ]
        },
        {
          "level": 2,
          "title": "Korean",
          "text": "",
          "subSections": [
            {
              "level": 3,
              "title": "Hanja",
              "text": "{{ko-hanja|hangeul=수|rv=su|mr=su|y=su}}\n\n# {{defn|lang=ko|sort=人09}}"
            }
          ]
        }
      ]
    }
  ]
}