{
  "title": "㑳",
  "ns": 0,
  "id": 10201,
  "timestamp": 1503380308000,
  "text": [
    {
      "level": 0,
      "title": "",
      "text": "{{character info/new}}",
      "subSections": [
        {
          "level": 2,
          "title": "Translingual",
          "text": "",
          "subSections": [
            {
              "level": 3,
              "title": "Han character",
              "text": "{{Han char|rn=9|rad=人|as=10|sn=12|four=|canj=OPUU|ids=⿰亻芻}}",
              "subSections": [
                {
                  "level": 4,
                  "title": "References",
                  "text": "* {{Han ref|kx=0112.100|hdz=10204.060|uh=3473|ud=13427}}"
                }
              ]
            }
          ]
        },
        {
          "level": 2,
          "title": "Chinese",
          "text": "{{zh-forms|s=㑇}}\n{{rfc|zh}}",
          "subSections": [
            {
              "level": 3,
              "title": "Glyph origin",
              "text": "{{Han etym}}\n{{Han compound|人|芻|ls=psc|c1=s|c2=p|t1=person}}."
            },
            {
              "level": 3,
              "title": "Pronunciation 1",
              "text": "{{zh-pron\n|m=zhòu\n|c=zau3\n|mc=2\n|oc=1\n|cat=a\n}}",
              "subSections": [
                {
                  "level": 4,
                  "title": "Definitions",
                  "text": "{{zh-hanzi}}\n\n# [[pretty]]; [[cute]]; [[clever]]\n# [[stubborn]]; [[cruel]]; [[ferocious]]; [[erratic]]\n# {{lb|zh|rare}} [[hire]]d; [[employed]]\n# {{zh-alt-form|媰|[[pregnant]]}}\n# {{zh-alt-form|謅|to [[make up]] (a story); to }}"
                },
                {
                  "level": 4,
                  "title": "Compounds",
                  "text": "{{zh-der|㑳憋憋|㑳擾|文㑳㑳}}"
                }
              ]
            },
            {
              "level": 3,
              "title": "Pronunciation 2",
              "text": "{{zh-pron\n|m=zhū\n|mc=1+3\n|oc=2+3\n|cat=\n}}",
              "subSections": [
                {
                  "level": 4,
                  "title": "Definitions",
                  "text": "{{zh-hanzi}}\n\n# {{zh-only|偛㑳}}"
                }
              ]
            }
          ]
        }
      ]
    }
  ]
}