{
  "title": "㑷",
  "ns": 0,
  "id": 10205,
  "timestamp": 1496232152000,
  "text": [
    {
      "level": 0,
      "title": "",
      "text": "{{character info/new}}",
      "subSections": [
        {
          "level": 2,
          "title": "Translingual",
          "text": "",
          "subSections": [
            {
              "level": 3,
              "title": "Han character",
              "text": "{{Han char|rn=9|rad=人|as=10|sn=12|four=|canj=OIBP|ids=⿰亻能}}\n\n# (same as [[態]]) [[manner]], [[bearing]], [[behaviour]], [[policy]], [[attitude]]",
              "subSections": [
                {
                  "level": 4,
                  "title": "References",
                  "text": "* {{Han ref|kx=0113.060|hdz=10206.130|uh=3477|ud=13431}}"
                }
              ]
            }
          ]
        },
        {
          "level": 2,
          "title": "Chinese",
          "text": "{{zh-see|態|v}}"
        }
      ]
    }
  ]
}