{
  "title": "㑲",
  "ns": 0,
  "id": 10200,
  "timestamp": 1516738288000,
  "text": [
    {
      "level": 0,
      "title": "",
      "text": "{{character info/new}}",
      "subSections": [
        {
          "level": 2,
          "title": "Translingual",
          "text": "",
          "subSections": [
            {
              "level": 3,
              "title": "Han character",
              "text": "{{Han char|rn=9|rad=人|as=09|sn=11|four=|canj=OJBJ|ids=⿰亻南}}",
              "subSections": [
                {
                  "level": 4,
                  "title": "References",
                  "text": "{{Han ref|kx=0112.071|uh=3472}}"
                }
              ]
            }
          ]
        },
        {
          "level": 2,
          "title": "Chinese",
          "text": "",
          "subSections": [
            {
              "level": 3,
              "title": "Etymology 1",
              "text": "{{zh-see|備|v}}"
            },
            {
              "level": 3,
              "title": "Etymology 2",
              "text": "{{zh-see|男|v}}"
            }
          ]
        }
      ]
    }
  ]
}