{
  "title": "㑺",
  "ns": 0,
  "id": 10208,
  "timestamp": 1495822414000,
  "text": [
    {
      "level": 0,
      "title": "",
      "text": "{{character info/new}}",
      "subSections": [
        {
          "level": 2,
          "title": "Translingual",
          "text": "",
          "subSections": [
            {
              "level": 3,
              "title": "Han character",
              "text": "{{Han char|rn=9|rad=人|as=10|sn=12|four=|canj=OOGS|ids=⿰亻隽}}\n\n# (a variant of [[俊]]) [[superior]], [[handsome]], [[refined]], [[eminent]]",
              "subSections": [
                {
                  "level": 4,
                  "title": "References",
                  "text": "* {{Han ref|kx=0114.051|hdz=10203.090|uh=347A|ud=13434}}"
                }
              ]
            }
          ]
        },
        {
          "level": 2,
          "title": "Chinese",
          "text": "{{zh-see|俊|v}}"
        }
      ]
    }
  ]
}