{
  "title": "㑴",
  "ns": 0,
  "id": 10202,
  "timestamp": 1507027700000,
  "text": [
    {
      "level": 0,
      "title": "",
      "text": "{{character info/new}}",
      "subSections": [
        {
          "level": 2,
          "title": "Translingual",
          "text": "",
          "subSections": [
            {
              "level": 3,
              "title": "Han character",
              "text": "{{Han char|rn=9|rad=人|as=10|sn=12|four=|canj=OSME|ids=⿰亻⿱帚又}}",
              "subSections": [
                {
                  "level": 4,
                  "title": "References",
                  "text": "* {{Han ref|kx=0112.120|hdz=10206.100|uh=3474|ud=13428}}"
                }
              ]
            }
          ]
        },
        {
          "level": 2,
          "title": "Chinese",
          "text": "{{zh-see|侵|v}}"
        }
      ]
    }
  ]
}