{
  "title": "㑻",
  "ns": 0,
  "id": 10209,
  "timestamp": 1521968409000,
  "text": [
    {
      "level": 0,
      "title": "",
      "text": "{{character info/new}}",
      "subSections": [
        {
          "level": 2,
          "title": "Translingual",
          "text": "",
          "subSections": [
            {
              "level": 3,
              "title": "Han character",
              "text": "{{Han char|rn=9|rad=人|as=11|sn=13|four=|canj=OJPU|ids=⿰亻密}}",
              "subSections": [
                {
                  "level": 4,
                  "title": "References",
                  "text": "* {{Han ref|kx=0114.130|hdz=10215.050|uh=347B|ud=13435}}"
                }
              ]
            }
          ]
        },
        {
          "level": 2,
          "title": "Chinese",
          "text": "{{zh-forms}}",
          "subSections": [
            {
              "level": 3,
              "title": "Pronunciation",
              "text": "{{zh-pron\n|m=mà\n|c=maa6,mei5\n|mc=y\n|oc=\n|ma=\n|cat=a\n}}"
            },
            {
              "level": 3,
              "title": "Definitions",
              "text": "{{zh-hanzi}}\n\n# {{zh-only|㑻傄|[[strong]], [[robust]], [[vigorous]]; not fear}}"
            }
          ]
        }
      ]
    }
  ]
}