{
  "title": "㑶",
  "ns": 0,
  "id": 10204,
  "timestamp": 1534025001000,
  "text": [
    {
      "level": 0,
      "title": "",
      "text": "{{character info/new}}",
      "subSections": [
        {
          "level": 2,
          "title": "Translingual",
          "text": "",
          "subSections": [
            {
              "level": 3,
              "title": "Han character",
              "text": "{{Han char|rn=9|rad=人|as=10|sn=12|four=|canj=OOND|ids=⿰亻氣}}",
              "subSections": [
                {
                  "level": 4,
                  "title": "References",
                  "text": "* {{Han ref|kx=0113.040|hdz=10203.080|uh=3476|ud=13430}}"
                }
              ]
            }
          ]
        },
        {
          "level": 2,
          "title": "Chinese",
          "text": "{{zh-forms}}",
          "subSections": [
            {
              "level": 3,
              "title": "Pronunciation",
              "text": "{{zh-pron\n|m=xì\n|c=hei3\n|cat=v\n}}"
            },
            {
              "level": 3,
              "title": "Definitions",
              "text": "{{zh-hanzi}}\n\n# {{zh-hd}} to be [[angry]]"
            },
            {
              "level": 3,
              "title": "References",
              "text": "* {{R:twedu|C00253}}\n* {{R:yue:Jyutping Database}}"
            }
          ]
        }
      ]
    }
  ]
}