{
  "title": "㑸",
  "ns": 0,
  "id": 10206,
  "timestamp": 1501869486000,
  "text": [
    {
      "level": 0,
      "title": "",
      "text": "{{character info/new}}",
      "subSections": [
        {
          "level": 2,
          "title": "Translingual",
          "text": "",
          "subSections": [
            {
              "level": 3,
              "title": "Han character",
              "text": "{{Han char|rn=9|rad=人|as=10|sn=12|four=|canj=OJRR|ids=⿰亻⿱古可}}",
              "subSections": [
                {
                  "level": 4,
                  "title": "References",
                  "text": "* {{Han ref|kx=0114.051|hdz=10201.020|uh=3478|ud=13432}}"
                }
              ]
            }
          ]
        },
        {
          "level": 2,
          "title": "Chinese",
          "text": "{{zh-forms}}",
          "subSections": [
            {
              "level": 3,
              "title": "Pronunciation",
              "text": "{{zh-pron\n|m=yáo\n}}"
            },
            {
              "level": 3,
              "title": "Definitions",
              "text": "{{zh-hanzi}}\n\n# {{uncertain|zh|nohypothesis=1}}"
            }
          ]
        }
      ]
    }
  ]
}