{
  "title": "㑵",
  "ns": 0,
  "id": 10203,
  "timestamp": 1496231367000,
  "text": [
    {
      "level": 0,
      "title": "",
      "text": "{{character info/new}}",
      "subSections": [
        {
          "level": 2,
          "title": "Translingual",
          "text": "",
          "subSections": [
            {
              "level": 3,
              "title": "Han character",
              "text": "{{Han char|rn=9|rad=人|as=10|sn=12|four=|canj=OKOK|ids=⿰亻疾}}",
              "subSections": [
                {
                  "level": 4,
                  "title": "References",
                  "text": "* {{Han ref|kx=0113.030|hdz=10205.010|uh=3475|ud=13429}}"
                }
              ]
            }
          ]
        },
        {
          "level": 2,
          "title": "Chinese",
          "text": "{{zh-forms}}",
          "subSections": [
            {
              "level": 3,
              "title": "Pronunciation",
              "text": "{{zh-pron\n|m=hàn\n|c=zat6\n|mc=y\n|oc=\n|ma=\n|cat=n,v\n}}"
            },
            {
              "level": 3,
              "title": "Definitions",
              "text": "{{zh-hanzi}}\n\n# (same as [[嫉]]) [[envy]]\n# [[jealousy]]\n# to be [[jealous]] of\n# to [[hate]]"
            }
          ]
        }
      ]
    }
  ]
}