{
  "title": "㒄",
  "ns": 0,
  "id": 10218,
  "timestamp": 1496243409000,
  "text": [
    {
      "level": 0,
      "title": "",
      "text": "{{character info/new}}",
      "subSections": [
        {
          "level": 2,
          "title": "Translingual",
          "text": "",
          "subSections": [
            {
              "level": 3,
              "title": "Han character",
              "text": "{{Han char|rn=9|rad=人|as=12|sn=14|four=|canj=OBKF|ids=⿰亻然}}",
              "subSections": [
                {
                  "level": 4,
                  "title": "References",
                  "text": "* {{Han ref|kx=0116.240|hdz=10220.130|uh=3484|ud=13444}}"
                }
              ]
            }
          ]
        },
        {
          "level": 2,
          "title": "Chinese",
          "text": "{{zh-forms}}",
          "subSections": [
            {
              "level": 3,
              "title": "Pronunciation",
              "text": "{{zh-pron\n|m=rǎn,nàng,nèn\n|c=ngam4,zim5\n|mc=y\n|oc=\n|ma=\n|cat=a,n,v\n}}"
            },
            {
              "level": 3,
              "title": "Definitions",
              "text": "{{zh-hanzi}}\n\n# [[brittle]] and [[friable]]\n# [[fear]]\n# [[dread]]\n# [[fright]]\n# [[scare]]"
            }
          ]
        }
      ]
    }
  ]
}