{
  "title": "㒃",
  "ns": 0,
  "id": 10217,
  "timestamp": 1497981586000,
  "text": [
    {
      "level": 0,
      "title": "",
      "text": "{{character info/new}}",
      "subSections": [
        {
          "level": 2,
          "title": "Translingual",
          "text": "",
          "subSections": [
            {
              "level": 3,
              "title": "Han character",
              "text": "{{Han char|rn=9|rad=人|as=12|sn=14|four=|canj=OIPC|ids=⿰亻貳}}",
              "subSections": [
                {
                  "level": 4,
                  "title": "References",
                  "text": "* {{Han ref|kx=0116.090|hdz=10216.070|uh=3483|ud=13443}}"
                }
              ]
            }
          ]
        },
        {
          "level": 2,
          "title": "Chinese",
          "text": "{{zh-forms}}",
          "subSections": [
            {
              "level": 3,
              "title": "Etymology 1",
              "text": "{{zh-see|貳|v}}"
            },
            {
              "level": 3,
              "title": "Etymology 2",
              "text": "",
              "subSections": [
                {
                  "level": 4,
                  "title": "Pronunciation",
                  "text": "{{zh-pron\n|m=èr\n|c=ji6\n|mc=\n|oc=\n|ma=\n|cat=n,v\n}}"
                },
                {
                  "level": 4,
                  "title": "Definitions",
                  "text": "{{zh-hanzi}}\n\n# a [[second]] [[job]]\n# to [[harbour]] [[doubt]]s\n# to [[hesitate]]\n# to [[revolt]]"
                }
              ]
            }
          ]
        }
      ]
    }
  ]
}