{
  "title": "㒅",
  "ns": 0,
  "id": 10219,
  "timestamp": 1496243533000,
  "text": [
    {
      "level": 0,
      "title": "",
      "text": "{{character info/new}}",
      "subSections": [
        {
          "level": 2,
          "title": "Translingual",
          "text": "",
          "subSections": [
            {
              "level": 3,
              "title": "Han character",
              "text": "{{Han char|rn=9|rad=人|as=12|sn=14|four=|canj=OYNV|ids=⿰亻袲}}",
              "subSections": [
                {
                  "level": 4,
                  "title": "References",
                  "text": "* {{Han ref|kx=0117.060|hdz=10221.030|uh=3485|ud=13445}}"
                }
              ]
            }
          ]
        },
        {
          "level": 2,
          "title": "Chinese",
          "text": "{{zh-forms}}",
          "subSections": [
            {
              "level": 3,
              "title": "Pronunciation",
              "text": "{{zh-pron\n|m=qǐ\n|c=kai2\n|mc=y\n|oc=\n|ma=\n|cat=v\n}}"
            },
            {
              "level": 3,
              "title": "Definitions",
              "text": "{{zh-hanzi}}\n\n# to [[unbind]] the [[collar]]"
            }
          ]
        }
      ]
    }
  ]
}