{
  "title": "㑿",
  "ns": 0,
  "id": 10213,
  "timestamp": 1496240360000,
  "text": [
    {
      "level": 0,
      "title": "",
      "text": "{{character info/new}}",
      "subSections": [
        {
          "level": 2,
          "title": "Translingual",
          "text": "",
          "subSections": [
            {
              "level": 3,
              "title": "Han character",
              "text": "{{Han char|rn=9|rad=人|as=11|sn=13|four=|canj=OVVD|ids=⿰亻巢}}",
              "subSections": [
                {
                  "level": 4,
                  "title": "References",
                  "text": "* {{Han ref|kx=0115.130|hdz=10215.110|uh=347F|ud=13439}}"
                }
              ]
            }
          ]
        },
        {
          "level": 2,
          "title": "Chinese",
          "text": "{{zh-forms}}",
          "subSections": [
            {
              "level": 3,
              "title": "Pronunciation",
              "text": "{{zh-pron\n|m=zhào\n|c=coek3,huk6,zau3,ziu6\n|mc=y\n|oc=\n|ma=\n|cat=a\n}}"
            },
            {
              "level": 3,
              "title": "Definitions",
              "text": "{{zh-hanzi}}\n\n# [[long]]\n# of [[space]] or [[time]]\n# [[profitable]]\n# [[excelling]]"
            }
          ]
        }
      ]
    }
  ]
}