{
  "title": "㑽",
  "ns": 0,
  "id": 10211,
  "timestamp": 1496239776000,
  "text": [
    {
      "level": 0,
      "title": "",
      "text": "{{character info/new}}",
      "subSections": [
        {
          "level": 2,
          "title": "Translingual",
          "text": "",
          "subSections": [
            {
              "level": 3,
              "title": "Han character",
              "text": "{{Han char|rn=9|rad=人|as=11|sn=13|four=|canj=OFBG|ids=⿰亻堂}}\n\n# (same as [[傏]]) to [[ward off]]\n# to [[parry]]\n# to [[keep out]], as [[wind]], [[rain]], or [[cold]]",
              "subSections": [
                {
                  "level": 4,
                  "title": "References",
                  "text": "* {{Han ref|kx=0114.270|hdz=10210.160|uh=347D|ud=13437}}"
                }
              ]
            }
          ]
        },
        {
          "level": 2,
          "title": "Chinese",
          "text": "{{zh-see|傏|v}}"
        }
      ]
    }
  ]
}