{
  "title": "㒀",
  "ns": 0,
  "id": 10214,
  "timestamp": 1496240548000,
  "text": [
    {
      "level": 0,
      "title": "",
      "text": "{{character info/new}}",
      "subSections": [
        {
          "level": 2,
          "title": "Translingual",
          "text": "",
          "subSections": [
            {
              "level": 3,
              "title": "Han character",
              "text": "{{Han char|rn=9|rad=人|as=11|sn=13|four=|canj=OYCB|ids=⿰亻啇}}",
              "subSections": [
                {
                  "level": 4,
                  "title": "References",
                  "text": "* {{Han ref|kx=0115.150|hdz=10214.090|uh=3480|ud=13440}}"
                }
              ]
            }
          ]
        },
        {
          "level": 2,
          "title": "Chinese",
          "text": "{{zh-forms}}",
          "subSections": [
            {
              "level": 3,
              "title": "Pronunciation",
              "text": "{{zh-pron\n|m=zhāi,zhǎ\n|c=cim4,cip3,zak6\n|mc=\n|oc=\n|ma=\n|cat=v\n}}"
            },
            {
              "level": 3,
              "title": "Definitions",
              "text": "{{zh-hanzi}}\n\n# [[do not]] [[fear]] to"
            }
          ]
        }
      ]
    }
  ]
}