{
  "title": "㑾",
  "ns": 0,
  "id": 10212,
  "timestamp": 1521945646000,
  "text": [
    {
      "level": 0,
      "title": "",
      "text": "{{character info/new}}",
      "subSections": [
        {
          "level": 2,
          "title": "Translingual",
          "text": "",
          "subSections": [
            {
              "level": 3,
              "title": "Han character",
              "text": "{{Han char|rn=9|rad=人|as=11|sn=13|four=|canj=OBYR|ids=⿰亻⿱⿻夕丶言}}",
              "subSections": [
                {
                  "level": 4,
                  "title": "References",
                  "text": "* {{Han ref|kx=0114.290|hdz=10213.050|uh=347E|ud=13438}}"
                }
              ]
            }
          ]
        },
        {
          "level": 2,
          "title": "Chinese",
          "text": "{{zh-forms}}",
          "subSections": [
            {
              "level": 3,
              "title": "Pronunciation",
              "text": "{{zh-pron\n|m=yáo,xiáo\n|c=ziu4\n|mc=\n|oc=\n|ma=\n|cat=n,v\n}}"
            },
            {
              "level": 3,
              "title": "Definitions",
              "text": "{{zh-hanzi}}\n\n# {{†}} [[joy]], [[delight]], [[gratification]]\n# {{†}} {{zh-alt-form|傜|[[corvee]]; of different sizes}}\n# {{†}} to [[compare]]\n# {{†}} to [[deceive]]; to [[lie]]"
            }
          ]
        }
      ]
    }
  ]
}