{
  "title": "㒁",
  "ns": 0,
  "id": 10215,
  "timestamp": 1496241044000,
  "text": [
    {
      "level": 0,
      "title": "",
      "text": "{{character info/new}}",
      "subSections": [
        {
          "level": 2,
          "title": "Translingual",
          "text": "",
          "subSections": [
            {
              "level": 3,
              "title": "Han character",
              "text": "{{Han char|rn=9|rad=人|as=11|sn=13|four=|canj=OWGJ|ids=⿰亻圉}}",
              "subSections": [
                {
                  "level": 4,
                  "title": "References",
                  "text": "* {{Han ref|kx=0115.220|hdz=10211.030|uh=3481|ud=13441}}"
                }
              ]
            }
          ]
        },
        {
          "level": 2,
          "title": "Chinese",
          "text": "{{zh-forms}}",
          "subSections": [
            {
              "level": 3,
              "title": "Pronunciation",
              "text": "{{zh-pron\n|m=yǔ,yùn\n|c=sou3,zyu5\n|mc=\n|oc=\n|ma=\n|cat=a,v\n}}"
            },
            {
              "level": 3,
              "title": "Definitions",
              "text": "{{zh-hanzi}}\n\n# (same as [[俁]]) of great [[stature]]\n# [[stalwart]]\n# [[injure]]\n# [[grieve]]"
            }
          ]
        }
      ]
    }
  ]
}