{
  "title": "㒂",
  "ns": 0,
  "id": 10216,
  "timestamp": 1496241364000,
  "text": [
    {
      "level": 0,
      "title": "",
      "text": "{{character info/new}}",
      "subSections": [
        {
          "level": 2,
          "title": "Translingual",
          "text": "",
          "subSections": [
            {
              "level": 3,
              "title": "Han character",
              "text": "{{Han char|rn=9|rad=人|as=12|sn=14|four=|canj=OTJA|ids=⿰亻著}}",
              "subSections": [
                {
                  "level": 4,
                  "title": "References",
                  "text": "* {{Han ref|kx=0118.230|hdz=10223.130|uh=3482|ud=13442}}"
                }
              ]
            }
          ]
        },
        {
          "level": 2,
          "title": "Chinese",
          "text": "{{zh-forms}}",
          "subSections": [
            {
              "level": 3,
              "title": "Pronunciation",
              "text": "{{zh-pron\n|m=zhuó,kù\n|c=zoek6\n|mc=\n|oc=\n|ma=\n|cat=v,n\n}}"
            },
            {
              "level": 3,
              "title": "Definitions",
              "text": "{{zh-hanzi}}\n\n# to [[bestow]]\n# to [[grant]], to [[act]]\n# to [[do]]\n# [[quiet]]\n# [[still]], [[peace]]\n# [[tranquility]]"
            }
          ]
        }
      ]
    }
  ]
}