{
  "title": "㒆",
  "ns": 0,
  "id": 10220,
  "timestamp": 1496243853000,
  "text": [
    {
      "level": 0,
      "title": "",
      "text": "{{character info/new}}",
      "subSections": [
        {
          "level": 2,
          "title": "Translingual",
          "text": "",
          "subSections": [
            {
              "level": 3,
              "title": "Han character",
              "text": "{{Han char|rn=9|rad=人|as=12|sn=14|four=|canj=OORM|ids=⿰亻翕}}",
              "subSections": [
                {
                  "level": 4,
                  "title": "References",
                  "text": "* {{Han ref|kx=0117.110|hdz=10220.100|uh=3486|ud=13446}}"
                }
              ]
            }
          ]
        },
        {
          "level": 2,
          "title": "Chinese",
          "text": "{{zh-forms}}",
          "subSections": [
            {
              "level": 3,
              "title": "Pronunciation",
              "text": "{{zh-pron\n|m=chì,kè,xì,xiào,yàn\n|c=kap1\n|mc=\n|oc=\n|ma=\n|cat=v\n}}"
            },
            {
              "level": 3,
              "title": "Definitions",
              "text": "{{zh-hanzi}}\n\n# (same as [[歙]]) to [[gather]] the [[harvest]]\n# to gather [[together]]"
            }
          ]
        }
      ]
    }
  ]
}