{
  "title": "㒊",
  "ns": 0,
  "id": 10224,
  "timestamp": 1500603667000,
  "text": [
    {
      "level": 0,
      "title": "",
      "text": "{{character info/new}}",
      "subSections": [
        {
          "level": 2,
          "title": "Translingual",
          "text": "",
          "subSections": [
            {
              "level": 3,
              "title": "Han character",
              "text": "{{Han char|rn=9|rad=人|as=12|sn=14|four=|canj=OSIM|ids=⿰亻歰}}",
              "subSections": [
                {
                  "level": 4,
                  "title": "References",
                  "text": "* {{Han ref|kx=0117.250|hdz=10232.080|uh=348A|ud=13450}}"
                }
              ]
            }
          ]
        },
        {
          "level": 2,
          "title": "Chinese",
          "text": "{{zh-forms}}",
          "subSections": [
            {
              "level": 3,
              "title": "Pronunciation",
              "text": "{{zh-pron\n|m=sè\n|c=saap1,sik1\n|mc=y\n|oc=\n|ma=\n|cat=a\n}}"
            },
            {
              "level": 3,
              "title": "Definitions",
              "text": "{{zh-hanzi}}\n\n# [[loquacious]], [[talkative]]"
            }
          ]
        }
      ]
    }
  ]
}