{
  "title": "㒏",
  "ns": 0,
  "id": 10229,
  "timestamp": 1520802616000,
  "text": [
    {
      "level": 0,
      "title": "",
      "text": "{{character info/new}}",
      "subSections": [
        {
          "level": 2,
          "title": "Translingual",
          "text": "",
          "subSections": [
            {
              "level": 3,
              "title": "Han character",
              "text": "{{Han char|rn=9|rad=人|as=12|sn=14|four=|canj=OJTY|ids=⿰亻寒}}",
              "subSections": [
                {
                  "level": 4,
                  "title": "References",
                  "text": "* {{Han ref|kx=0118.051|dkj=|dj=|hdz=|uh=348F|ud=13455|bh=|bd=}}"
                }
              ]
            }
          ]
        }
      ]
    }
  ]
}