{
  "title": "㒇",
  "ns": 0,
  "id": 10221,
  "timestamp": 1496245131000,
  "text": [
    {
      "level": 0,
      "title": "",
      "text": "{{character info/new}}",
      "subSections": [
        {
          "level": 2,
          "title": "Translingual",
          "text": "",
          "subSections": [
            {
              "level": 3,
              "title": "Han character",
              "text": "{{Han char|rn=9|rad=人|as=12|sn=14|four=|canj=OOTF|ids=⿰亻無}}",
              "subSections": [
                {
                  "level": 4,
                  "title": "References",
                  "text": "* {{Han ref|kx=0117.130|hdz=10220.020|uh=3487|ud=13447}}"
                }
              ]
            }
          ]
        },
        {
          "level": 2,
          "title": "Chinese",
          "text": "{{zh-forms}}",
          "subSections": [
            {
              "level": 3,
              "title": "Pronunciation",
              "text": "{{zh-pron\n|m=wǔ,mù\n|c=ng5\n|mc=y\n|oc=y\n|ma=\n|cat=v,a\n}}"
            },
            {
              "level": 3,
              "title": "Definitions",
              "text": "{{zh-hanzi}}\n\n# (same as [[憮]]) to [[skip]] about\n# to [[dance]] for [[joy]]\n# to [[soothe]]\n# [[slow]]\n# [[disappointed]]"
            }
          ]
        }
      ]
    }
  ]
}