{
  "title": "㒉",
  "ns": 0,
  "id": 10223,
  "timestamp": 1500603421000,
  "text": [
    {
      "level": 0,
      "title": "",
      "text": "{{character info/new}}",
      "subSections": [
        {
          "level": 2,
          "title": "Translingual",
          "text": "",
          "subSections": [
            {
              "level": 3,
              "title": "Han character",
              "text": "{{Han char|rn=9|rad=人|as=12|sn=14|four=|canj=OFBD|ids=⿰亻棠}}\n\n# (same as [[惝]]) [[alarmed]]\n# [[agitated]]",
              "subSections": [
                {
                  "level": 4,
                  "title": "References",
                  "text": "* {{Han ref|kx=0117.220|hdz=10219.030|uh=3489|ud=13449}}"
                }
              ]
            }
          ]
        },
        {
          "level": 2,
          "title": "Chinese",
          "text": "{{zh-see|惝|v}}"
        }
      ]
    }
  ]
}