{
  "title": "㒈",
  "ns": 0,
  "id": 10222,
  "timestamp": 1496245294000,
  "text": [
    {
      "level": 0,
      "title": "",
      "text": "{{character info/new}}",
      "subSections": [
        {
          "level": 2,
          "title": "Translingual",
          "text": "",
          "subSections": [
            {
              "level": 3,
              "title": "Han character",
              "text": "{{Han char|rn=9|rad=人|as=12|sn=14|four=|canj=OMJK,ONJK|ids=⿰亻敢}}",
              "subSections": [
                {
                  "level": 4,
                  "title": "References",
                  "text": "* {{Han ref|kx=0117.150|hdz=10216.130|uh=3488|ud=13448}}"
                }
              ]
            }
          ]
        },
        {
          "level": 2,
          "title": "Chinese",
          "text": "{{zh-forms}}",
          "subSections": [
            {
              "level": 3,
              "title": "Pronunciation",
              "text": "{{zh-pron\n|m=hàn\n|c=hon6\n|mc=y\n|oc=\n|ma=\n|cat=a\n}}"
            },
            {
              "level": 3,
              "title": "Definitions",
              "text": "{{zh-hanzi}}\n\n# [[dangerous]]\n# [[lofty]]\n# [[steep]]\n# [[high]] and [[dangerous]]"
            }
          ]
        }
      ]
    }
  ]
}