{
  "title": "㒍",
  "ns": 0,
  "id": 10227,
  "timestamp": 1500608092000,
  "text": [
    {
      "level": 0,
      "title": "",
      "text": "{{character info/new}}",
      "subSections": [
        {
          "level": 2,
          "title": "Translingual",
          "text": "",
          "subSections": [
            {
              "level": 3,
              "title": "Han character",
              "text": "{{Han char|rn=9|rad=人|as=12|sn=14|four=23293|canj=OIIF|ids=⿰亻絫}}",
              "subSections": [
                {
                  "level": 4,
                  "title": "References",
                  "text": "* {{Han ref|kx=0118.051|hdz=10223.040|uh=348D|ud=13453}}"
                }
              ]
            }
          ]
        },
        {
          "level": 2,
          "title": "Chinese",
          "text": "{{zh-forms}}",
          "subSections": [
            {
              "level": 3,
              "title": "Pronunciation",
              "text": "{{zh-pron\n|m=léi,lěi\n|c=leoi5\n|mc=\n|oc=\n|ma=\n|cat=a\n}}"
            },
            {
              "level": 3,
              "title": "Definitions",
              "text": "{{zh-hanzi}}\n\n# (interchangeable with [[傫]] [[儽]]) [[utterly]] [[weary]] in [[body]] and [[spirit]]\n# [[negligent]]\n# [[lax]]"
            }
          ]
        }
      ]
    }
  ]
}