{
  "title": "㒙",
  "ns": 0,
  "id": 10239,
  "timestamp": 1500687035000,
  "text": [
    {
      "level": 0,
      "title": "",
      "text": "{{character info/new}}",
      "subSections": [
        {
          "level": 2,
          "title": "Translingual",
          "text": "",
          "subSections": [
            {
              "level": 3,
              "title": "Han character",
              "text": "{{Han char|rn=9|rad=人|as=14|sn=16|four=|canj=OVFB|ids=⿰亻綿}}",
              "subSections": [
                {
                  "level": 4,
                  "title": "References",
                  "text": "* {{Han ref|kx=0119.250|hdz=10232.100|uh=3499|ud=13465}}"
                }
              ]
            }
          ]
        },
        {
          "level": 2,
          "title": "Chinese",
          "text": "{{zh-forms}}",
          "subSections": [
            {
              "level": 3,
              "title": "Pronunciation",
              "text": "{{zh-pron\n|m=mián\n|c=min4,min6\n|mc=\n|oc=\n|ma=\n|cat=v,prep\n}}"
            },
            {
              "level": 3,
              "title": "Definitions",
              "text": "{{zh-hanzi}}\n\n# to [[hand]] or [[bow]] the [[head]]\n# to [[droop]]\n# to [[lower]], [[low]]\n# [[beneath]]"
            }
          ]
        }
      ]
    }
  ]
}