{
  "title": "㒒",
  "ns": 0,
  "id": 10232,
  "timestamp": 1495644847000,
  "text": [
    {
      "level": 0,
      "title": "",
      "text": "{{character info/new}}",
      "subSections": [
        {
          "level": 2,
          "title": "Translingual",
          "text": "",
          "subSections": [
            {
              "level": 3,
              "title": "Han character",
              "text": "{{Han char|rn=9|rad=人|as=13|sn=15|four=|canj=OTCD|ids=⿰亻業}}",
              "subSections": [
                {
                  "level": 4,
                  "title": "References",
                  "text": "* {{Han ref|kx=0118.220|hdz=10224.110|uh=3492|ud=13458}}"
                }
              ]
            }
          ]
        },
        {
          "level": 2,
          "title": "Chinese",
          "text": "{{zh-see|僕|v}}"
        }
      ]
    }
  ]
}