{
  "title": "㒓",
  "ns": 0,
  "id": 10233,
  "timestamp": 1507149486000,
  "text": [
    {
      "level": 0,
      "title": "",
      "text": "{{also|達|𠉂}}\n{{character info/new}}",
      "subSections": [
        {
          "level": 2,
          "title": "Translingual",
          "text": "",
          "subSections": [
            {
              "level": 3,
              "title": "Han character",
              "text": "{{Han char|rn=9|rad=人|as=13|sn=15|four=|canj=OYGQ|ids=⿰亻達}}",
              "subSections": [
                {
                  "level": 4,
                  "title": "References",
                  "text": "* {{Han ref|kx=0119.010|hdz=10217.020|uh=3493|ud=13459}}"
                }
              ]
            }
          ]
        },
        {
          "level": 2,
          "title": "Chinese",
          "text": "{{zh-forms|s=𠉂}}",
          "subSections": [
            {
              "level": 3,
              "title": "Pronunciation",
              "text": "{{zh-pron\n|m=tà\n|c=taat3\n|h=\n|md=\n|mn=\n|w=\n|mc=y\n|oc=\n|cat=\n}}"
            },
            {
              "level": 3,
              "title": "Definitions",
              "text": "{{zh-hanzi}}\n\n# {{zh-only used in|佻㒓}}"
            }
          ]
        }
      ]
    }
  ]
}