{
  "title": "㒔",
  "ns": 0,
  "id": 10234,
  "timestamp": 1529814675000,
  "text": [
    {
      "level": 0,
      "title": "",
      "text": "{{character info/new}}",
      "subSections": [
        {
          "level": 2,
          "title": "Translingual",
          "text": "",
          "subSections": [
            {
              "level": 3,
              "title": "Han character",
              "text": "{{Han char|rn=9|rad=人|as=13|sn=15|four=|canj=OWLI|ids=⿰亻蜀}}",
              "subSections": [
                {
                  "level": 4,
                  "title": "References",
                  "text": "* {{Han ref|kx=0119.070|hdz=10225.090|uh=3494|ud=13460}}"
                }
              ]
            }
          ]
        },
        {
          "level": 2,
          "title": "Chinese",
          "text": "{{zh-forms}}",
          "subSections": [
            {
              "level": 3,
              "title": "Pronunciation",
              "text": "{{zh-pron\n|m=shǔ\n|c=suk6\n|mc=y\n|oc=\n|ma=\n|cat=v,a,prep\n}}"
            },
            {
              "level": 3,
              "title": "Definitions",
              "text": "{{zh-hanzi}}\n\n# {{zh-used in|㒔㑛|to [[shake]] one's [[head]]}}\n# [[ugly]]\n# [[not]] [[in peace]]"
            }
          ]
        }
      ]
    }
  ]
}