{
  "title": "㒘",
  "ns": 0,
  "id": 10238,
  "timestamp": 1520802618000,
  "text": [
    {
      "level": 0,
      "title": "",
      "text": "{{character info/new}}",
      "subSections": [
        {
          "level": 2,
          "title": "Translingual",
          "text": "",
          "subSections": [
            {
              "level": 3,
              "title": "Han character",
              "text": "{{Han char|rn=9|rad=人|as=13|sn=15|four=|canj=OSET|ids=⿰亻竪}}",
              "subSections": [
                {
                  "level": 4,
                  "title": "References",
                  "text": "* {{Han ref|kx=0119.231|dkj=|dj=|hdz=10224.031|uh=3498|ud=13464|bh=|bd=}}"
                }
              ]
            }
          ]
        },
        {
          "level": 2,
          "title": "Chinese",
          "text": "{{zh-see|豎|v}}"
        }
      ]
    }
  ]
}