{
  "title": "㒑",
  "ns": 0,
  "id": 10231,
  "timestamp": 1500618538000,
  "text": [
    {
      "level": 0,
      "title": "",
      "text": "{{character info/new}}",
      "subSections": [
        {
          "level": 2,
          "title": "Translingual",
          "text": "",
          "subSections": [
            {
              "level": 3,
              "title": "Han character",
              "text": "{{Han char|rn=9|rad=人|as=13|sn=15|four=|canj=OSEG|ids=⿰亻匯}}",
              "subSections": [
                {
                  "level": 4,
                  "title": "References",
                  "text": "* {{Han ref|kx=0118.120|hdz=10224.090|uh=3491|ud=13457}}"
                }
              ]
            }
          ]
        },
        {
          "level": 2,
          "title": "Chinese",
          "text": "{{zh-forms}}",
          "subSections": [
            {
              "level": 3,
              "title": "Pronunciation",
              "text": "{{zh-pron\n|m=kuǐ,huì\n|c=hung2,kui2,wak6\n|mc=\n|oc=\n|ma=\n|cat=v,n\n}}"
            },
            {
              "level": 3,
              "title": "Definitions",
              "text": "{{zh-hanzi}}\n\n# [[grow up]]\n# [[commodity]] [[price]]s"
            }
          ]
        }
      ]
    }
  ]
}