{
  "title": "㒖",
  "ns": 0,
  "id": 10236,
  "timestamp": 1500686040000,
  "text": [
    {
      "level": 0,
      "title": "",
      "text": "{{character info/new}}",
      "subSections": [
        {
          "level": 2,
          "title": "Translingual",
          "text": "",
          "subSections": [
            {
              "level": 3,
              "title": "Han character",
              "text": "{{Han char|rn=9|rad=人|as=13|sn=15|four=|canj=OTWB|ids=⿰亻萬}}",
              "subSections": [
                {
                  "level": 4,
                  "title": "References",
                  "text": "* {{Han ref|kx=0119.231|hdz=10217.110|uh=3496|ud=13462}}"
                }
              ]
            }
          ]
        },
        {
          "level": 2,
          "title": "Chinese",
          "text": "{{zh-see|藕|v}}"
        }
      ]
    }
  ]
}