{
  "title": "㒕",
  "ns": 0,
  "id": 10235,
  "timestamp": 1500684185000,
  "text": [
    {
      "level": 0,
      "title": "",
      "text": "{{character info/new}}",
      "subSections": [
        {
          "level": 2,
          "title": "Translingual",
          "text": "",
          "subSections": [
            {
              "level": 3,
              "title": "Han character",
              "text": "{{Han char|rn=9|rad=人|as=13|sn=15|four=|canj=OYVG|ids=⿰亻雍}}",
              "subSections": [
                {
                  "level": 4,
                  "title": "References",
                  "text": "* {{Han ref|kx=0119.140|hdz=10228.010|uh=3495|ud=13461}}"
                }
              ]
            }
          ]
        },
        {
          "level": 2,
          "title": "Chinese",
          "text": "{{zh-forms}}",
          "subSections": [
            {
              "level": 3,
              "title": "Pronunciation",
              "text": "{{zh-pron\n|m=yāng\n|c=zoeng1\n|mc=y\n|oc=y\n|cat=a\n}}\n{{attention|yue|zoeng1 seems wrong}}"
            },
            {
              "level": 3,
              "title": "Definitions",
              "text": "{{zh-hanzi}}\n\n# {{zh-only|㒕佭||㒕降}}"
            }
          ]
        }
      ]
    }
  ]
}