{
  "title": "㒐",
  "ns": 0,
  "id": 10230,
  "timestamp": 1527672651000,
  "text": [
    {
      "level": 0,
      "title": "",
      "text": "{{character info/new}}",
      "subSections": [
        {
          "level": 2,
          "title": "Translingual",
          "text": "",
          "subSections": [
            {
              "level": 3,
              "title": "Han character",
              "text": "{{Han char|rn=9|rad=人|as=12|sn=14|four=|canj=OHPA|ids=⿰亻筍}}",
              "subSections": [
                {
                  "level": 4,
                  "title": "References",
                  "text": "* {{Han ref|kx=0118.051|dkj=|dj=|hdz=|uh=3490|ud=13456|bh=|bd=}}"
                }
              ]
            }
          ]
        },
        {
          "level": 2,
          "title": "Chinese",
          "text": "{{zh-forms}}",
          "subSections": [
            {
              "level": 3,
              "title": "Pronunciation",
              "text": "{{zh-pron\n|m=xùn\n|c=seon2\n|mc=\n|oc=\n|ma=\n|cat=pn\n}}"
            },
            {
              "level": 3,
              "title": "Definitions",
              "text": "{{zh-hanzi}}\n\n# [[personal]] [[name]]",
              "subSections": [
                {
                  "level": 4,
                  "title": "References",
                  "text": "* (''Cantonese'') [http://www.iso10646hk.net/jp/document/download.jsp Jyutping Database (iso10646hk.net) - Cantonese Pronunciation List (Part 1), p. 14]"
                }
              ]
            }
          ]
        }
      ]
    }
  ]
}