{
  "title": "㒣",
  "ns": 0,
  "id": 10249,
  "timestamp": 1520802621000,
  "text": [
    {
      "level": 0,
      "title": "",
      "text": "{{character info/new}}",
      "subSections": [
        {
          "level": 2,
          "title": "Translingual",
          "text": "",
          "subSections": [
            {
              "level": 3,
              "title": "Han character",
              "text": "{{Han char|rn=9|rad=人|as=17|sn=19|four=|canj=OIOP|ids=⿸广⿱⿰亻隹心}}",
              "subSections": [
                {
                  "level": 4,
                  "title": "References",
                  "text": "* {{Han ref|kx=0121.291|dkj=|dj=|hdz=|uh=34A3|ud=13475|bh=|bd=}}"
                }
              ]
            }
          ]
        }
      ]
    }
  ]
}