{
  "title": "㒜",
  "ns": 0,
  "id": 10242,
  "timestamp": 1500688377000,
  "text": [
    {
      "level": 0,
      "title": "",
      "text": "{{character info/new}}",
      "subSections": [
        {
          "level": 2,
          "title": "Translingual",
          "text": "",
          "subSections": [
            {
              "level": 3,
              "title": "Han character",
              "text": "{{Han char|rn=9|rad=人|as=14|sn=16|four=|canj=OHXC|ids=⿰亻與}}",
              "subSections": [
                {
                  "level": 4,
                  "title": "References",
                  "text": "* {{Han ref|kx=0120.040|hdz=10231.040|uh=349C|ud=13468}}"
                }
              ]
            }
          ]
        },
        {
          "level": 2,
          "title": "Chinese",
          "text": "{{zh-forms}}",
          "subSections": [
            {
              "level": 3,
              "title": "Pronunciation",
              "text": "{{zh-pron\n|m=yǔ\n|c=jyu5\n|mc=\n|oc=\n|ma=\n|cat=a,v\n}}"
            },
            {
              "level": 3,
              "title": "Definitions",
              "text": "{{zh-hanzi}}\n\n# [[respectful]]\n# [[attentive]], [[careful]]\n# [[cautious]]\n# to [[heed]]\n# to be [[watchful]]\n# to [[rely on]], to [[trust]] to\n# to [[lean towards]]"
            }
          ]
        }
      ]
    }
  ]
}