{
  "title": "㒝",
  "ns": 0,
  "id": 10243,
  "timestamp": 1535077766000,
  "text": [
    {
      "level": 0,
      "title": "",
      "text": "{{character info/new}}",
      "subSections": [
        {
          "level": 2,
          "title": "Translingual",
          "text": "",
          "subSections": [
            {
              "level": 3,
              "title": "Han character",
              "text": "{{Han char|rn=9|rad=人|as=15|sn=17|four=|canj=OTWI|ids=⿰亻蔑}}",
              "subSections": [
                {
                  "level": 4,
                  "title": "References",
                  "text": "* {{Han ref|kx=0120.150|hdz=10233.010|uh=349D|ud=13469}}"
                }
              ]
            }
          ]
        },
        {
          "level": 2,
          "title": "Chinese",
          "text": "{{zh-forms}}",
          "subSections": [
            {
              "level": 3,
              "title": "Pronunciation 1",
              "text": "{{zh-pron\n|m=miè\n|c=mit6,ziu5\n|mc=2\n|oc=\n|ma=\n|cat=v,a\n}}",
              "subSections": [
                {
                  "level": 4,
                  "title": "Definitions",
                  "text": "{{zh-hanzi}}\n\n# to [[deceive]]\n# [[artful]]\n# [[false]]"
                }
              ]
            },
            {
              "level": 3,
              "title": "Pronunciation 2",
              "text": "{{zh-pron\n|m=wà\n|mc=1\n|oc=\n|ma=\n|cat=\n}}",
              "subSections": [
                {
                  "level": 4,
                  "title": "Definitions",
                  "text": "{{zh-hanzi}}\n\n# {{zh-only|㒝羯}}"
                }
              ]
            }
          ]
        }
      ]
    }
  ]
}