{
  "title": "㒢",
  "ns": 0,
  "id": 10248,
  "timestamp": 1520802619000,
  "text": [
    {
      "level": 0,
      "title": "",
      "text": "{{character info/new}}",
      "subSections": [
        {
          "level": 2,
          "title": "Translingual",
          "text": "",
          "subSections": [
            {
              "level": 3,
              "title": "Han character",
              "text": "{{Han char|rn=9|rad=人|as=17|sn=19|four=|canj=OOMB|ids=⿰亻龠}}",
              "subSections": [
                {
                  "level": 4,
                  "title": "References",
                  "text": "* {{Han ref|kx=0119.231|dkj=|dj=|hdz=|uh=34A2|ud=13474|bh=|bd=}}"
                }
              ]
            }
          ]
        }
      ]
    }
  ]
}