{
  "title": "㒟",
  "ns": 0,
  "id": 10245,
  "timestamp": 1500768500000,
  "text": [
    {
      "level": 0,
      "title": "",
      "text": "{{character info/new}}",
      "subSections": [
        {
          "level": 2,
          "title": "Translingual",
          "text": "",
          "subSections": [
            {
              "level": 3,
              "title": "Han character",
              "text": "{{Han char|rn=9|rad=人|as=16|sn=18|four=|canj=OYSV|ids=⿰亻褭}}",
              "subSections": [
                {
                  "level": 4,
                  "title": "References",
                  "text": "* {{Han ref|kx=0121.070|hdz=10236.140|uh=349F|ud=13471}}"
                }
              ]
            }
          ]
        },
        {
          "level": 2,
          "title": "Chinese",
          "text": "{{zh-forms}}",
          "subSections": [
            {
              "level": 3,
              "title": "Pronunciation",
              "text": "{{zh-pron\n|m=niǎo\n|c=niu5,seoi1\n|mc=y\n|oc=\n|ma=\n|cat=a\n}}"
            },
            {
              "level": 3,
              "title": "Definitions",
              "text": "{{zh-hanzi}}\n\n# (same as [[褭]]) [[slim]] [[carriage]] (of a [[woman]])\n# [[pretty]]"
            }
          ]
        }
      ]
    }
  ]
}