{
  "title": "㒛",
  "ns": 0,
  "id": 10241,
  "timestamp": 1500688033000,
  "text": [
    {
      "level": 0,
      "title": "",
      "text": "{{character info/new}}",
      "subSections": [
        {
          "level": 2,
          "title": "Translingual",
          "text": "",
          "subSections": [
            {
              "level": 3,
              "title": "Han character",
              "text": "{{Han char|rn=9|rad=人|as=14|sn=16|four=|canj=OSMG|ids=⿰亻翟}}",
              "subSections": [
                {
                  "level": 4,
                  "title": "References",
                  "text": "* {{Han ref|kx=0119.360|hdz=10232.070|uh=349B|ud=13467}}"
                }
              ]
            }
          ]
        },
        {
          "level": 2,
          "title": "Chinese",
          "text": "{{zh-forms}}",
          "subSections": [
            {
              "level": 3,
              "title": "Pronunciation",
              "text": "{{zh-pron\n|m=diào\n|c=diu6,deoi2\n|mc=\n|oc=\n|ma=\n|cat=v,a\n}}"
            },
            {
              "level": 3,
              "title": "Definitions",
              "text": "{{zh-hanzi}}\n\n# to [[stand]] [[alone]]\n# [[independent]]"
            }
          ]
        }
      ]
    }
  ]
}