{
  "title": "㒡",
  "ns": 0,
  "id": 10247,
  "timestamp": 1500769024000,
  "text": [
    {
      "level": 0,
      "title": "",
      "text": "{{character info/new}}",
      "subSections": [
        {
          "level": 2,
          "title": "Translingual",
          "text": "",
          "subSections": [
            {
              "level": 3,
              "title": "Han character",
              "text": "{{Han char|rn=9|rad=人|as=17|sn=19|four=|canj=OBUF|ids=⿰亻繇}}",
              "subSections": [
                {
                  "level": 4,
                  "title": "References",
                  "text": "* {{Han ref|kx=0121.291|hdz=10237.110|uh=34A1|ud=13473}}"
                }
              ]
            }
          ]
        },
        {
          "level": 2,
          "title": "Chinese",
          "text": "{{zh-forms}}",
          "subSections": [
            {
              "level": 3,
              "title": "Pronunciation",
              "text": "{{zh-pron\n|m=yóu\n|c=zaau4\n|mc=\n|oc=\n|ma=\n|cat=pn\n}}"
            },
            {
              "level": 3,
              "title": "Definitions",
              "text": "{{zh-hanzi}}\n\n# [[personal name]]"
            }
          ]
        }
      ]
    }
  ]
}