{
  "title": "㒞",
  "ns": 0,
  "id": 10244,
  "timestamp": 1553325732000,
  "text": [
    {
      "level": 0,
      "title": "",
      "text": "{{character info/new}}\n{{character info|0x2F80C}}",
      "subSections": [
        {
          "level": 2,
          "title": "Translingual",
          "text": "",
          "subSections": [
            {
              "level": 3,
              "title": "Han character",
              "text": "{{Han char|rn=9|rad=人|as=15|sn=17|four=|canj=OUOS|ids=⿰亻嶲}}",
              "subSections": [
                {
                  "level": 4,
                  "title": "References",
                  "text": "* {{Han ref|kx=0120.190|hdz=10235.040|uh=349E|ud=13470}}"
                }
              ]
            }
          ]
        },
        {
          "level": 2,
          "title": "Chinese",
          "text": "{{zh-forms}}",
          "subSections": [
            {
              "level": 3,
              "title": "Pronunciation",
              "text": "{{zh-pron\n|m=jùn\n|c=zeon3\n|mc=\n|oc=\n|ma=\n|cat=a\n}}"
            },
            {
              "level": 3,
              "title": "Definitions",
              "text": "{{zh-hanzi}}\n\n# [[valiant]]\n# [[brave]], [[eminent]]"
            }
          ]
        }
      ]
    }
  ]
}