{
  "title": "㒚",
  "ns": 0,
  "id": 10240,
  "timestamp": 1500687402000,
  "text": [
    {
      "level": 0,
      "title": "",
      "text": "{{character info/new}}",
      "subSections": [
        {
          "level": 2,
          "title": "Translingual",
          "text": "",
          "subSections": [
            {
              "level": 3,
              "title": "Han character",
              "text": "{{Han char|rn=9|rad=人|as=14|sn=16|four=|canj=OBMP|ids=⿰亻⿱爫⿳工彐心}}",
              "subSections": [
                {
                  "level": 4,
                  "title": "References",
                  "text": "* {{Han ref|kx=0119.320|hdz=10231.080|uh=349A|ud=13466}}"
                }
              ]
            }
          ]
        },
        {
          "level": 2,
          "title": "Chinese",
          "text": "{{zh-forms}}",
          "subSections": [
            {
              "level": 3,
              "title": "Pronunciation",
              "text": "{{zh-pron\n|m=wěn\n|c=waan2\n|mc=y\n|oc=\n|ma=\n|cat=a\n}}"
            },
            {
              "level": 3,
              "title": "Definitions",
              "text": "{{zh-hanzi}}\n\n# (same as [[穩]]) [[firm]]\n# [[stable]]\n# [[secure]], [[dependent]] upon [[other]]s"
            }
          ]
        }
      ]
    }
  ]
}