{
  "title": "㒠",
  "ns": 0,
  "id": 10246,
  "timestamp": 1500768741000,
  "text": [
    {
      "level": 0,
      "title": "",
      "text": "{{character info/new}}",
      "subSections": [
        {
          "level": 2,
          "title": "Translingual",
          "text": "",
          "subSections": [
            {
              "level": 3,
              "title": "Han character",
              "text": "{{Han char|rn=9|rad=人|as=16|sn=18|four=|canj=OYEM|ids=⿰亻韰}}",
              "subSections": [
                {
                  "level": 4,
                  "title": "References",
                  "text": "* {{Han ref|kx=0121.140|hdz=10236.080|uh=34A0|ud=13472}}"
                }
              ]
            }
          ]
        },
        {
          "level": 2,
          "title": "Chinese",
          "text": "{{zh-forms}}",
          "subSections": [
            {
              "level": 3,
              "title": "Pronunciation",
              "text": "{{zh-pron\n|m=xiè\n|c=haai6\n|mc=y\n|oc=\n|ma=\n|cat=a,adv\n}}"
            },
            {
              "level": 3,
              "title": "Definitions",
              "text": "{{zh-hanzi}}\n\n# [[narrow]], [[contracted]]\n# [[quickly]]\n# [[fast]]\n# [[hasty]]\n# [[soon]]\n# [[promptly]]"
            }
          ]
        }
      ]
    }
  ]
}