{
  "title": "㒤",
  "ns": 0,
  "id": 10250,
  "timestamp": 1500769297000,
  "text": [
    {
      "level": 0,
      "title": "",
      "text": "{{character info/new}}",
      "subSections": [
        {
          "level": 2,
          "title": "Translingual",
          "text": "",
          "subSections": [
            {
              "level": 3,
              "title": "Han character",
              "text": "{{Han char|rn=9|rad=人|as=18|sn=20|four=|canj=OSJJ|ids=⿰亻聶}}",
              "subSections": [
                {
                  "level": 4,
                  "title": "References",
                  "text": "* {{Han ref|kx=0121.310|hdz=10238.070|uh=34A4|ud=13476}}"
                }
              ]
            }
          ]
        },
        {
          "level": 2,
          "title": "Chinese",
          "text": "{{zh-forms}}",
          "subSections": [
            {
              "level": 3,
              "title": "Pronunciation",
              "text": "{{zh-pron\n|m=chè\n|c=sip3,zip3\n|mc=\n|oc=\n|ma=\n|cat=v\n}}"
            },
            {
              "level": 3,
              "title": "Definitions",
              "text": "{{zh-hanzi}}\n\n# to [[have]] [[one's]] [[heart]] [[won]]\n# to [[submit]], [[admire]], etc. ([[sincere]]ly and [[willingly]])\n# (interchangeable with [[懾]]) to [[fear]]\n# to [[dread]]\n# to be [[scared]] of"
            }
          ]
        }
      ]
    }
  ]
}