{
  "title": "㒦",
  "ns": 0,
  "id": 10252,
  "timestamp": 1500772150000,
  "text": [
    {
      "level": 0,
      "title": "",
      "text": "{{character info/new}}",
      "subSections": [
        {
          "level": 2,
          "title": "Translingual",
          "text": "",
          "subSections": [
            {
              "level": 3,
              "title": "Han character",
              "text": "{{Han char|rn=9|rad=人|as=18|sn=20|four=|canj=OWWG|ids=⿰亻壘}}",
              "subSections": [
                {
                  "level": 4,
                  "title": "References",
                  "text": "* {{Han ref|kx=0121.340|hdz=10238.100|uh=34A6|ud=13478}}"
                }
              ]
            }
          ]
        },
        {
          "level": 2,
          "title": "Chinese",
          "text": "{{zh-forms}}",
          "subSections": [
            {
              "level": 3,
              "title": "Pronunciation",
              "text": "{{zh-pron\n|m=lěi\n|c=leoi5,deoi3\n|mc=\n|oc=\n|ma=\n|cat=n,a\n}}"
            },
            {
              "level": 3,
              "title": "Definitions",
              "text": "{{zh-hanzi}}\n\n# (same as [[儡]]) [[puppet]]\n# [[very]] [[tired]]\n# [[fatigue]]d\n# [[weary]] and [[weak]]"
            }
          ]
        }
      ]
    }
  ]
}