{
  "title": "㒥",
  "ns": 0,
  "id": 10251,
  "timestamp": 1500770603000,
  "text": [
    {
      "level": 0,
      "title": "",
      "text": "{{character info/new}}",
      "subSections": [
        {
          "level": 2,
          "title": "Translingual",
          "text": "",
          "subSections": [
            {
              "level": 3,
              "title": "Han character",
              "text": "{{Han char|rn=9|rad=人|as=18|sn=20|four=|canj=OUJT|ids=⿰亻豐}}",
              "subSections": [
                {
                  "level": 4,
                  "title": "References",
                  "text": "* {{Han ref|kx=0121.330|hdz=10238.090|uh=34A5|ud=13477}}"
                }
              ]
            }
          ]
        },
        {
          "level": 2,
          "title": "Chinese",
          "text": "{{zh-forms}}",
          "subSections": [
            {
              "level": 3,
              "title": "Pronunciation",
              "text": "{{zh-pron\n|m=fēng\n|c=fung1,gaam2\n|mc=y\n|oc=\n|ma=\n|cat=n\n}}"
            },
            {
              "level": 3,
              "title": "Definitions",
              "text": "{{zh-hanzi}}\n\n# {{lb|zh|mythology}} {{zh-only|偓㒥|(ancient Chinese folklore) [[Taoist]] [[immortal]], [[celestial]] [[being]]}}"
            }
          ]
        }
      ]
    }
  ]
}