{
  "title": "〧",
  "ns": 0,
  "id": 1038617,
  "timestamp": 1548196801000,
  "text": [
    {
      "level": 0,
      "title": "",
      "text": "{{character info/new}}",
      "subSections": [
        {
          "level": 2,
          "title": "Translingual",
          "text": "",
          "subSections": [
            {
              "level": 3,
              "title": "Han character",
              "text": "{{mul-number}}\n\n# [[seven]]",
              "subSections": [
                {
                  "level": 4,
                  "title": "See also",
                  "text": "{{Suzhou-digits}}\n* ''Chinese numeral'': [[七]]\n\n[[Category:Chinese digits]]"
                }
              ]
            }
          ]
        }
      ]
    }
  ]
}