{
  "title": "〢",
  "ns": 0,
  "id": 1038611,
  "timestamp": 1548196819000,
  "text": [
    {
      "level": 0,
      "title": "",
      "text": "{{character info/new}}",
      "subSections": [
        {
          "level": 2,
          "title": "Translingual",
          "text": "",
          "subSections": [
            {
              "level": 3,
              "title": "Han character",
              "text": "{{Han char|rn=2|rad=丨|as=01|sn=2|four=|canj=LL|ids=⿰丨丨}}\n\n# [[two]]",
              "subSections": [
                {
                  "level": 4,
                  "title": "See also",
                  "text": "{{Suzhou-digits}}\n* ''Chinese numeral'': [[二]]\n\n[[Category:Chinese digits]]"
                }
              ]
            }
          ]
        }
      ]
    }
  ]
}