{
  "title": "⺦",
  "ns": 0,
  "id": 1946637,
  "timestamp": 1507167210000,
  "text": [
    {
      "level": 0,
      "title": "",
      "text": "{{also|爿|⽙|丬}}\n{{character info/new}}",
      "subSections": [
        {
          "level": 2,
          "title": "Translingual",
          "text": "",
          "subSections": [
            {
              "level": 3,
              "title": "Symbol",
              "text": "{{head|mul|symbol|sc=Hani}}\n\n# {{form of|lang=mul|sc=Hani|Simplified component form|⽙}}: {{mul-kangxi radical-def|⽙}}\n\n[[Category:Han rad sup]]"
            }
          ]
        }
      ]
    }
  ]
}