{
  "title": "⺤",
  "ns": 0,
  "id": 237144,
  "timestamp": 1529090908000,
  "text": [
    {
      "level": 0,
      "title": "",
      "text": "{{also|爫}}\n{{character info/new}}",
      "subSections": [
        {
          "level": 2,
          "title": "Translingual",
          "text": "",
          "subSections": [
            {
              "level": 3,
              "title": "Symbol",
              "text": "{{head|mul|symbol|sc=Hani}}\n\n# {{form of|lang=mul|sc=Hani|Component form|⽖}}: {{mul-kangxi radical-def|⽖}}",
              "subSections": [
                {
                  "level": 4,
                  "title": "Usage notes",
                  "text": "* Used at the top of a character.\n\n[[Category:Han rad sup| ]]"
                }
              ]
            }
          ]
        }
      ]
    }
  ]
}