{
  "title": "⼘",
  "ns": 0,
  "id": 2928646,
  "timestamp": 1497646298000,
  "text": [
    {
      "level": 0,
      "title": "",
      "text": "{{character info/new}}",
      "subSections": [
        {
          "level": 2,
          "title": "Translingual",
          "text": "",
          "subSections": [
            {
              "level": 3,
              "title": "Alternative forms",
              "text": "* {{qualifier|as a component}} {{qualifier|top}} {{l|mul|⺊|sc=Hani}}"
            },
            {
              "level": 3,
              "title": "Symbol",
              "text": "{{head|mul|symbol|sc=Hani}}\n\n# {{mul-kangxi radical-def}}\n\n[[Category:Kangxi radicals]]"
            }
          ]
        }
      ]
    }
  ]
}