{
  "title": "〹",
  "ns": 0,
  "id": 4653010,
  "timestamp": 1507168618000,
  "text": [
    {
      "level": 0,
      "title": "",
      "text": "{{also|卄}}\n{{character info/new}}",
      "subSections": [
        {
          "level": 2,
          "title": "Translingual",
          "text": "",
          "subSections": [
            {
              "level": 3,
              "title": "Numeral",
              "text": "{{head|mul|numeral|sc=Hani}}\n\n# {{non-gloss definition|Suzhou numeral}} twenty"
            },
            {
              "level": 3,
              "title": "See also",
              "text": "{{Suzhou-digits}}"
            },
            {
              "level": 3,
              "title": "Further reading",
              "text": "* {{pedia|Suzhou numerals|lang=en}}"
            }
          ]
        }
      ]
    }
  ]
}