{
  "title": "⼼",
  "ns": 0,
  "id": 5852247,
  "timestamp": 1541932626000,
  "text": [
    {
      "level": 0,
      "title": "",
      "text": "{{character info/new}}",
      "subSections": [
        {
          "level": 2,
          "title": "Translingual",
          "text": "",
          "subSections": [
            {
              "level": 3,
              "title": "Alternative forms",
              "text": "* {{qualifier|as a component}}\n** {{qualifier|left}} {{l|mul|⺖|sc=Hani}}\n** {{qualifier|bottom}} {{l|mul|⺗|sc=Hani}}"
            },
            {
              "level": 3,
              "title": "Symbol",
              "text": "{{head|mul|symbol|sc=Hani}}\n\n# {{mul-kangxi radical-def}}\n\n[[Category:Kangxi radicals]]"
            }
          ]
        }
      ]
    }
  ]
}