{
  "title": "⺃",
  "ns": 0,
  "id": 5852317,
  "timestamp": 1497966642000,
  "text": [
    {
      "level": 0,
      "title": "",
      "text": "{{character info/new}}",
      "subSections": [
        {
          "level": 2,
          "title": "Translingual",
          "text": "",
          "subSections": [
            {
              "level": 3,
              "title": "Symbol",
              "text": "{{head|mul|symbol|sc=Hani}}\n\n# {{form of|lang=mul|sc=Hani|Component form|⼄}}: {{mul-kangxi radical-def|⼄}}\n\n[[Category:Han rad sup]]"
            }
          ]
        }
      ]
    }
  ]
}