{
  "title": "⾃",
  "ns": 0,
  "id": 5852395,
  "timestamp": 1497966649000,
  "text": [
    {
      "level": 0,
      "title": "",
      "text": "{{character info/new}}",
      "subSections": [
        {
          "level": 2,
          "title": "Translingual",
          "text": "",
          "subSections": [
            {
              "level": 3,
              "title": "Symbol",
              "text": "{{head|mul|symbol|sc=Hani}}\n\n# {{mul-kangxi radical-def}}\n\n[[Category:Kangxi radicals]]"
            }
          ]
        }
      ]
    }
  ]
}