{
  "title": "⺭",
  "ns": 0,
  "id": 5852505,
  "timestamp": 1495626523000,
  "text": [
    {
      "level": 0,
      "title": "",
      "text": "{{character info/new}}",
      "subSections": [
        {
          "level": 2,
          "title": "Translingual",
          "text": "",
          "subSections": [
            {
              "level": 3,
              "title": "Symbol",
              "text": "{{head|mul|symbol|sc=Hani}}\n\n# {{form of|lang=mul|sc=Hani|Component form|⽰}}: {{mul-kangxi radical-def|⽰}}"
            }
          ]
        }
      ]
    }
  ]
}