{
  "title": "⺀",
  "ns": 0,
  "id": 6843303,
  "timestamp": 1550800357000,
  "text": [
    {
      "level": 0,
      "title": "",
      "text": "{{also|゛}}\n{{character info/new}}",
      "subSections": [
        {
          "level": 2,
          "title": "Translingual",
          "text": "",
          "subSections": [
            {
              "level": 3,
              "title": "Symbol",
              "text": "{{head|mul|symbol|sc=Hani}}\n\n# {{form of|lang=mul|sc=Hani|Variant form|⼎}}: {{mul-kangxi radical-def|⼎}}",
              "subSections": [
                {
                  "level": 4,
                  "title": "Usage notes",
                  "text": "It is found in {{l|mul|冬}} and {{l|mul|寒}}. The Unicode character name CJK RADICAL REPEAT is a misnomer, as it is not related to {{l|mul|〃}} or {{l|mul|〻}}.\n\n[[Category:Han rad sup]]"
                }
              ]
            }
          ]
        }
      ]
    }
  ]
}