{
  "title": "〇",
  "ns": 0,
  "id": 9063,
  "timestamp": 1545798457000,
  "text": [
    {
      "level": 0,
      "title": "",
      "text": "{{also|Appendix:Variations of \"o\"|0|㇣|ㅇ|◯}}\n{{character info/new}}\n\n{{commonscat}}",
      "subSections": [
        {
          "level": 2,
          "title": "Translingual",
          "text": "",
          "subSections": [
            {
              "level": 3,
              "title": "Glyph origin",
              "text": "{{rfe|lang=mul}}\n\n{{attention|mul}}"
            }
          ]
        },
        {
          "level": 2,
          "title": "Chinese",
          "text": "",
          "subSections": [
            {
              "level": 3,
              "title": "Etymology 1",
              "text": "",
              "subSections": [
                {
                  "level": 4,
                  "title": "Definitions",
                  "text": "{{zh-see|零|v}}",
                  "subSections": [
                    {
                      "level": 5,
                      "title": "See also",
                      "text": "{{Chinese-numbers}}"
                    }
                  ]
                }
              ]
            },
            {
              "level": 3,
              "title": "Etymology 2",
              "text": "One of the {{w|Chinese characters of Empress Wu}}.",
              "subSections": [
                {
                  "level": 4,
                  "title": "Definitions",
                  "text": "{{zh-see|星|v}}\n{{zh-cat|Beginning}}\n{{cln|zh|cardinal numbers|digits|numeral symbols|numerals}}"
                }
              ]
            }
          ]
        },
        {
          "level": 2,
          "title": "Japanese",
          "text": "",
          "subSections": [
            {
              "level": 3,
              "title": "Alternative forms",
              "text": "* {{ja-l|零}}"
            },
            {
              "level": 3,
              "title": "Numeral",
              "text": "{{ja-pos|numeral|ゼロ|れい}}\n\n# [[zero]]\n#: {{ux|ja|二〇〇七年七月二三日|The date 2007-07-23}}",
              "subSections": [
                {
                  "level": 4,
                  "title": "Usage notes",
                  "text": "* Not formal, but used to write decimal numbers in positional notation.\n\n{{cln|ja|numeral symbols|sort=0}}"
                }
              ]
            }
          ]
        }
      ]
    }
  ]
}